DATE	COMPANY	worked	led	kudos	recovery	fastest	amazing	fascinating	lover	generously	errors	disaster	gritty	foe	agony	scare	tragic	cloud	cripple	tank	shocked	hostage	shark	hater	uncomfortably	puppet	vent	delays	refutes	scam	steals	scarcity	penalty	STOCK VALUE	
2016-08-05	INTC	0.00306591722024	0.00638732754216	0.0	0.00102197240675	0.00153295861012	0.0017884517118	0.000510986203373	0.0	0.0	0.000766479305059	0.00102197240675	0.0	0.0	0.0	0.000255493101686	0.0	0.02120592744	0.000510986203373	0.00229943791518	0.0	0.0	0.00102197240675	0.0	0.000255493101686	0.00229943791518	0.0	0.000255493101686	0.0	0.000255493101686	0.0	0.0	0.000510986203373	+	
2016-08-06	INTC	0.00299401197605	0.00898203592814	0.0	0.00239520958084	0.00179640718563	0.00239520958084	0.00059880239521	0.0	0.0	0.00059880239521	0.00059880239521	0.00059880239521	0.0	0.0	0.00059880239521	0.0	0.0179640718563	0.0	0.00359281437126	0.0	0.0	0.00119760479042	0.0	0.0	0.0	0.0	0.0	0.0	0.00059880239521	0.0	0.0	0.00059880239521	-	
2016-08-07	INTC	0.00314383023317	0.00340581608593	0.0	0.000785957558292	0.00130992926382	0.000785957558292	0.0	0.000785957558292	0.0	0.000261985852764	0.000785957558292	0.000523971705528	0.0	0.0	0.0	0.000261985852764	0.0222687974849	0.0	0.00130992926382	0.000523971705528	0.0	0.0	0.0	0.0	0.000261985852764	0.0	0.000523971705528	0.0	0.0	0.0	0.0	0.000523971705528	-	
2016-08-08	INTC	0.00440006769335	0.00355390082924	0.0	0.00118463360975	0.00186156710103	0.00135386698257	0.000846166864106	0.000507700118463	0.000169233372821	0.000338466745642	0.000507700118463	0.000169233372821	0.0	0.0	0.000507700118463	0.000169233372821	0.0362159417837	0.000169233372821	0.00135386698257	0.000169233372821	0.0	0.0	0.0	0.0	0.000676933491284	0.00101540023693	0.000169233372821	0.0	0.0	0.000338466745642	0.0	0.0	+	
2016-08-09	INTC	0.00391304347826	0.00565217391304	0.0	0.00282608695652	0.0045652173913	0.00173913043478	0.0	0.0	0.000217391304348	0.000434782608696	0.00195652173913	0.0	0.0	0.0	0.000652173913043	0.000217391304348	0.0417391304348	0.000217391304348	0.00108695652174	0.000434782608696	0.000217391304348	0.0	0.0	0.0	0.000869565217391	0.000434782608696	0.000652173913043	0.0	0.000217391304348	0.000652173913043	0.0	0.0	+	
2016-08-12	INTC	0.00190718372537	0.0114431023522	0.0	0.00190718372537	0.00296673023946	0.00254291163382	0.000635727908455	0.0	0.0	0.000211909302818	0.00148336511973	0.0	0.0	0.0	0.0	0.0	0.0445009535919	0.000211909302818	0.000847637211274	0.000423818605637	0.000423818605637	0.00105954651409	0.000211909302818	0.0	0.000635727908455	0.000211909302818	0.000211909302818	0.0	0.00105954651409	0.000423818605637	0.000211909302818	0.0	+	
2016-08-13	INTC	0.00354953210713	0.00871248789932	0.0	0.00484027105518	0.00225879315908	0.0025814778961	0.000645369474024	0.0	0.0	0.000322684737012	0.00193610842207	0.0	0.0	0.0	0.0	0.0	0.0329138431752	0.000322684737012	0.000968054211036	0.000322684737012	0.000645369474024	0.000968054211036	0.000322684737012	0.0	0.0	0.000322684737012	0.000322684737012	0.0	0.00129073894805	0.0	0.0	0.0	+	
2016-08-14	INTC	0.00328947368421	0.00681390977444	0.0	0.00093984962406	0.000704887218045	0.00211466165414	0.000234962406015	0.0	0.0	0.00046992481203	0.00046992481203	0.0	0.0	0.0	0.000234962406015	0.0	0.0345394736842	0.000234962406015	0.00046992481203	0.000234962406015	0.0	0.00046992481203	0.0	0.0	0.000234962406015	0.0	0.00046992481203	0.0	0.0	0.0	0.0	0.00046992481203	-	
2016-08-15	INTC	0.000664599025255	0.00177226406735	0.0	0.0024368630926	0.00310146211786	0.00177226406735	0.000443066016837	0.0	0.0	0.000221533008418	0.00199379707576	0.0	0.0	0.0	0.000221533008418	0.0	0.0474080638015	0.000886132033673	0.00199379707576	0.000221533008418	0.00110766504209	0.00177226406735	0.000443066016837	0.0	0.000886132033673	0.0	0.000221533008418	0.0	0.000221533008418	0.0	0.0	0.000443066016837	+	
2016-08-16	INTC	0.00178525886254	0.00102014792145	0.0	0.00306044376435	0.00331548074471	0.00178525886254	0.000510073960724	0.0	0.0	0.000255036980362	0.00178525886254	0.0	0.0	0.0	0.0	0.0	0.0385105840347	0.000510073960724	0.00153022188217	0.0	0.0	0.00102014792145	0.000510073960724	0.0	0.00127518490181	0.000510073960724	0.000510073960724	0.0	0.000765110941086	0.0	0.0	0.000510073960724	+	
2016-08-19	INTC	0.00370096225019	0.0099925980755	0.0	0.0020355292376	0.0020355292376	0.00185048112509	0.000370096225019	0.0	0.0	0.000740192450037	0.000925240562546	0.0	0.0	0.0	0.000370096225019	0.000185048112509	0.0418208734271	0.0	0.00148038490007	0.0	0.0	0.000740192450037	0.000185048112509	0.0	0.000370096225019	0.0	0.000185048112509	0.0	0.000555144337528	0.000555144337528	0.0	0.0	+	
2016-08-20	INTC	0.00131319763624	0.00426789231779	0.000328299409061	0.00131319763624	0.00196979645437	0.00295469468155	0.000984898227183	0.0	0.0	0.000984898227183	0.0	0.0	0.0	0.0	0.0	0.0	0.00919238345371	0.0	0.000984898227183	0.0	0.0	0.0	0.0	0.0	0.0	0.000656598818122	0.0	0.0	0.0	0.0	0.0	0.0	-	
2016-08-21	INTC	0.000728995808274	0.0034627300893	0.000182248952069	0.00182248952069	0.00328048113723	0.00182248952069	0.000364497904137	0.000182248952069	0.0	0.000546746856206	0.00200473847275	0.0	0.0	0.0	0.0	0.000182248952069	0.0182248952069	0.0	0.00145799161655	0.0	0.000364497904137	0.000728995808274	0.0	0.0	0.000546746856206	0.000364497904137	0.000182248952069	0.0	0.0	0.0	0.0	0.0	-	
2016-08-22	INTC	0.0020974131904	0.00489396411093	0.0	0.00349568865066	0.00396178047075	0.0020974131904	0.00163132137031	0.000466091820089	0.000466091820089	0.0	0.00186436728035	0.0	0.0	0.0	0.0	0.000233045910044	0.036588207877	0.000932183640177	0.00186436728035	0.0	0.000699137730133	0.00139827546027	0.0	0.000466091820089	0.000699137730133	0.000932183640177	0.0	0.0	0.000233045910044	0.0	0.0	0.0	+	
2016-08-23	INTC	0.00166349809886	0.0092680608365	0.0	0.00332699619772	0.00356463878327	0.00118821292776	0.000475285171103	0.000237642585551	0.0	0.0	0.00118821292776	0.0	0.0	0.0	0.000237642585551	0.0	0.0396863117871	0.000475285171103	0.000712927756654	0.0	0.000237642585551	0.000475285171103	0.0	0.0	0.00118821292776	0.000950570342205	0.0	0.0	0.0	0.0	0.0	0.000475285171103	+	
2016-09-05	INTC	0.00234035439652	0.00802407221665	0.0	0.00133734536944	0.00367769976596	0.00367769976596	0.00100300902708	0.0	0.0	0.0	0.00234035439652	0.0	0.0	0.0	0.0	0.0	0.0427950518221	0.0	0.00133734536944	0.0	0.00033433634236	0.0016716817118	0.0	0.0	0.0	0.00033433634236	0.00033433634236	0.0	0.00033433634236	0.000668672684721	0.0	0.00033433634236	+	
2016-09-06	INTC	0.0017548990933	0.00643463000877	0.0	0.00146241591109	0.00497221409769	0.00204738227552	0.00116993272887	0.0	0.0	0.000292483182217	0.00409476455104	0.0	0.000292483182217	0.0	0.0	0.0	0.0432875109681	0.0	0.00321731500439	0.0	0.000292483182217	0.00204738227552	0.0	0.0	0.0	0.0	0.000292483182217	0.0	0.000292483182217	0.000292483182217	0.000584966364434	0.000292483182217	-	
2016-09-09	INTC	0.00292598967298	0.00344234079174	0.0	0.00189328743546	0.00240963855422	0.00120481927711	0.000860585197935	0.0	0.000172117039587	0.000172117039587	0.00275387263339	0.0	0.000172117039587	0.0	0.0	0.000172117039587	0.0340791738382	0.0	0.0013769363167	0.000516351118761	0.0	0.000688468158348	0.0	0.0	0.0	0.0	0.000344234079174	0.0	0.0	0.000172117039587	0.000172117039587	0.0	+	
2016-09-10	INTC	0.00356379187455	0.00249465431219	0.0	0.00142551674982	0.000712758374911	0.00142551674982	0.000712758374911	0.0	0.0	0.0	0.00106913756237	0.0	0.0	0.0	0.0	0.000356379187455	0.0128296507484	0.0	0.0	0.000712758374911	0.0	0.0	0.0	0.0	0.0	0.0	0.0	0.0	0.0	0.000356379187455	0.000356379187455	0.0	-	
2016-09-11	INTC	0.00430622009569	0.0055023923445	0.000239234449761	0.00143540669856	0.00191387559809	0.00167464114833	0.000239234449761	0.0	0.000239234449761	0.0	0.00191387559809	0.0	0.000239234449761	0.0	0.000956937799043	0.0	0.0272727272727	0.0	0.000956937799043	0.000717703349282	0.000239234449761	0.000956937799043	0.0	0.000239234449761	0.0	0.0	0.000239234449761	0.0	0.0	0.000239234449761	0.0	0.0	+	
2016-09-12	INTC	0.00252525252525	0.00505050505051	0.000229568411387	0.00252525252525	0.00321395775941	0.00252525252525	0.00068870523416	0.000229568411387	0.000229568411387	0.000229568411387	0.00252525252525	0.0	0.000229568411387	0.0	0.000229568411387	0.0	0.027318640955	0.0	0.00114784205693	0.000459136822773	0.000229568411387	0.000918273645546	0.0	0.000229568411387	0.000229568411387	0.0	0.000459136822773	0.0	0.0	0.000459136822773	0.000459136822773	0.0	+	
2016-09-13	INTC	0.00160808637721	0.00390535263037	0.0	0.0013783597519	0.00183781300253	0.00206753962784	0.000459453250632	0.000459453250632	0.0	0.00183781300253	0.00229726625316	0.0	0.0	0.0	0.0	0.0	0.0238915690329	0.0	0.00114863312658	0.000229726625316	0.0	0.000459453250632	0.0	0.0	0.000459453250632	0.0	0.000459453250632	0.0	0.0	0.000689179875948	0.000918906501263	0.000229726625316	-	
2016-09-16	INTC	0.00182958703607	0.00287506534239	0.000261369576581	0.00130684788291	0.00209095661265	0.000784108729744	0.0	0.000784108729744	0.0	0.000522739153163	0.00104547830633	0.000261369576581	0.000522739153163	0.0	0.0	0.0	0.0219550444328	0.0	0.00156821745949	0.0	0.0	0.000784108729744	0.0	0.0	0.0	0.0	0.00156821745949	0.000522739153163	0.0	0.0	0.0	0.000522739153163	-	
2016-09-17	INTC	0.00294599018003	0.00851063829787	0.0	0.000981996726678	0.00261865793781	0.000327332242226	0.0	0.0	0.0	0.000654664484452	0.00196399345336	0.000327332242226	0.000654664484452	0.000327332242226	0.0	0.0	0.0124386252046	0.0	0.000654664484452	0.0	0.0	0.0	0.0	0.0	0.0	0.0	0.00196399345336	0.000327332242226	0.0	0.0	0.000981996726678	0.0	-	
2016-09-18	INTC	0.00275766976905	0.00361944157187	0.000172354360565	0.00172354360565	0.00241296104791	0.00137883488452	0.000689417442261	0.000172354360565	0.0	0.0	0.00258531540848	0.0	0.0	0.0	0.000344708721131	0.0	0.0265425715271	0.0	0.00103412616339	0.000172354360565	0.0	0.000344708721131	0.0	0.000344708721131	0.000172354360565	0.0	0.000344708721131	0.0	0.0	0.000172354360565	0.0	0.000172354360565	+	
2016-09-19	INTC	0.00350262697023	0.00372154115587	0.000437828371278	0.00131348511384	0.00153239929947	0.000437828371278	0.0	0.00153239929947	0.0	0.0010945709282	0.00153239929947	0.0	0.0	0.0	0.0	0.000218914185639	0.0310858143608	0.0	0.000875656742557	0.000218914185639	0.0	0.000437828371278	0.0	0.0	0.000218914185639	0.0	0.000656742556918	0.0	0.0	0.000218914185639	0.0	0.000437828371278	-	
2016-09-20	INTC	0.0037823072074	0.00609371716747	0.000210128178189	0.00315192267283	0.0018911536037	0.000420256356377	0.000210128178189	0.00168102542551	0.0	0.000420256356377	0.0018911536037	0.0	0.0	0.0	0.0	0.000210128178189	0.0437066610632	0.0	0.0	0.000210128178189	0.0	0.0	0.0	0.0	0.0	0.0	0.000630384534566	0.0	0.0	0.000210128178189	0.0	0.000210128178189	-	
2016-09-23	INTC	0.0012278978389	0.0036836935167	0.0	0.00196463654224	0.00171905697446	0.00024557956778	0.0	0.00024557956778	0.0	0.0	0.0012278978389	0.00024557956778	0.0	0.0	0.0	0.0	0.0321709233792	0.00024557956778	0.00147347740668	0.0	0.0	0.0012278978389	0.0	0.0	0.0	0.0	0.0	0.0	0.0	0.00024557956778	0.0	0.00147347740668	-	
2016-09-24	INTC	0.00104329681794	0.0109546165884	0.0	0.00469483568075	0.000521648408972	0.00417318727178	0.0	0.000521648408972	0.0	0.0	0.00104329681794	0.0	0.0	0.0	0.0	0.0	0.0297339593114	0.000521648408972	0.00156494522692	0.0	0.0	0.00156494522692	0.0	0.0	0.000521648408972	0.000521648408972	0.0	0.0	0.0	0.0	0.0	0.0	+	
2016-09-25	INTC	0.00426569165143	0.00589071704245	0.0	0.000609384521633	0.00243753808653	0.00284379443429	0.00101564086939	0.000812512695511	0.0	0.000812512695511	0.00385943530368	0.0	0.0	0.000203128173878	0.000203128173878	0.0	0.024984765387	0.0	0.000812512695511	0.0	0.0	0.00121876904327	0.0	0.0	0.000203128173878	0.000203128173878	0.000203128173878	0.0	0.000406256347755	0.000406256347755	0.0	0.000203128173878	+	
2016-09-26	INTC	0.00278448115834	0.00371264154446	0.0	0.000371264154446	0.00464080193057	0.000742528308892	0.0	0.000556896231669	0.0	0.00111379246334	0.00445516985335	0.0	0.0	0.000185632077223	0.000185632077223	0.0	0.0356413588268	0.000185632077223	0.000556896231669	0.000371264154446	0.0	0.000928160386115	0.0	0.0	0.0	0.0	0.000556896231669	0.0	0.0	0.000185632077223	0.0	0.000185632077223	-	
2016-09-27	INTC	0.00295732995353	0.00443599493029	0.0	0.00232361639206	0.00401351922264	0.00211237853823	0.0	0.000844951415294	0.0	0.0	0.0027460920997	0.0	0.0	0.0	0.000211237853823	0.0	0.0318969159273	0.000211237853823	0.00063371356147	0.00063371356147	0.000422475707647	0.000422475707647	0.0	0.000211237853823	0.0	0.0	0.000422475707647	0.0	0.00105618926912	0.000211237853823	0.0	0.0	+	
2016-09-30	INTC	0.00177374852188	0.00256208119827	0.0	0.000985415845487	0.00118249901458	0.00137958218368	0.000985415845487	0.000788332676389	0.0	0.00137958218368	0.000788332676389	0.0	0.000197083169097	0.000197083169097	0.0	0.000197083169097	0.0151754040205	0.0	0.000591249507292	0.000197083169097	0.000197083169097	0.000197083169097	0.0	0.0	0.0	0.0	0.000985415845487	0.000197083169097	0.000394166338195	0.000197083169097	0.0	0.000394166338195	-	
2016-10-01	INTC	0.00127388535032	0.00339702760085	0.0	0.00127388535032	0.000424628450106	0.000424628450106	0.0	0.000424628450106	0.0	0.00169851380042	0.000424628450106	0.0	0.000424628450106	0.000424628450106	0.0	0.000424628450106	0.019957537155	0.0	0.000849256900212	0.0	0.0	0.000424628450106	0.0	0.0	0.0	0.0	0.00169851380042	0.000424628450106	0.0	0.0	0.0	0.000424628450106	-	
2016-10-02	INTC	0.00447350309704	0.00636613902271	0.0	0.000860289057123	0.00223675154852	0.00240880935994	0.000172057811425	0.000172057811425	0.0	0.000172057811425	0.00154852030282	0.0	0.0	0.0	0.0	0.0	0.0218513420509	0.000172057811425	0.00103234686855	0.000344115622849	0.0	0.000344115622849	0.0	0.0	0.0	0.0	0.000344115622849	0.0	0.0	0.000516173434274	0.0	0.0	+	
2016-10-03	INTC	0.00366099212887	0.00585758740619	0.0	0.00256269449021	0.00201354567088	0.00219659527732	0.000183049606443	0.0	0.0	0.000366099212887	0.00219659527732	0.0	0.0	0.0	0.000366099212887	0.0	0.0252608456892	0.000183049606443	0.0012813472451	0.000366099212887	0.000183049606443	0.00109829763866	0.0	0.000183049606443	0.0	0.0	0.0	0.0	0.0	0.000366099212887	0.0	0.0	+	
2016-10-04	INTC	0.00273597811218	0.00569995440036	0.0	0.00364797081623	0.00478796169631	0.000683994528044	0.0	0.000455996352029	0.000227998176015	0.00113999088007	0.00410396716826	0.0	0.0	0.0	0.000683994528044	0.0	0.0341997264022	0.0	0.00182398540812	0.0	0.0	0.00182398540812	0.0	0.000455996352029	0.0	0.0	0.0	0.0	0.0	0.000227998176015	0.0	0.0	+	
2016-10-07	INTC	0.0016859344894	0.00818882466281	0.0	0.0016859344894	0.0028901734104	0.0016859344894	0.0002408477842	0.000963391136802	0.0	0.0002408477842	0.000722543352601	0.0	0.0	0.0	0.0	0.000722543352601	0.0175818882466	0.0	0.000722543352601	0.000481695568401	0.0002408477842	0.0	0.0	0.0	0.0	0.0	0.000722543352601	0.0	0.0002408477842	0.0	0.000481695568401	0.0	-	
2016-10-08	INTC	0.00207792207792	0.00675324675325	0.0	0.00207792207792	0.000519480519481	0.0	0.000519480519481	0.0	0.0	0.000519480519481	0.00103896103896	0.0	0.0	0.0	0.0	0.000519480519481	0.0109090909091	0.0	0.0	0.0	0.0	0.0	0.0	0.0	0.0	0.0	0.000519480519481	0.0	0.0	0.0	0.000519480519481	0.0	-	
2016-10-09	INTC	0.00235109717868	0.00137147335423	0.00019592476489	0.0041144200627	0.00156739811912	0.0019592476489	0.0	0.0	0.0	0.000587774294671	0.00137147335423	0.0	0.00019592476489	0.0	0.0	0.00019592476489	0.0231191222571	0.0	0.000391849529781	0.0	0.00019592476489	0.0	0.0	0.0	0.0	0.0	0.0	0.0	0.0	0.00019592476489	0.0	0.00019592476489	-	
2016-10-10	INTC	0.00253807106599	0.00423011844332	0.000169204737733	0.00473773265651	0.00236886632826	0.000846023688663	0.000338409475465	0.0	0.0	0.000338409475465	0.00236886632826	0.0	0.0	0.0	0.000169204737733	0.000169204737733	0.0204737732657	0.0	0.000507614213198	0.000676818950931	0.000338409475465	0.000338409475465	0.0	0.0	0.0	0.0	0.0	0.0	0.0	0.000169204737733	0.0	0.000169204737733	+	
2016-10-11	INTC	0.00190194420964	0.00676246830093	0.0	0.00211327134404	0.00295857988166	0.00211327134404	0.000633981403212	0.0	0.0	0.000633981403212	0.00190194420964	0.0	0.0	0.0	0.000633981403212	0.0	0.0268385460693	0.0	0.00147928994083	0.00169061707523	0.0	0.000845308537616	0.0	0.0	0.0	0.0	0.000633981403212	0.0	0.0	0.0	0.0	0.0	+	
2016-10-14	INTC	0.00180360721443	0.00380761523046	0.000400801603206	0.00180360721443	0.00100200400802	0.00220440881764	0.000801603206413	0.000400801603206	0.0	0.0	0.00120240480962	0.000400801603206	0.000400801603206	0.00060120240481	0.0	0.000200400801603	0.035871743487	0.0	0.00120240480962	0.000200400801603	0.0	0.000400801603206	0.0	0.0	0.0	0.0	0.00140280561122	0.000200400801603	0.0	0.0	0.000400801603206	0.0	-	
2016-10-15	INTC	0.000960614793468	0.00448286903618	0.000640409862312	0.00128081972462	0.00224143451809	0.00224143451809	0.000320204931156	0.00128081972462	0.0	0.0	0.000960614793468	0.000320204931156	0.000640409862312	0.000960614793468	0.0	0.000320204931156	0.0124879923151	0.0	0.000320204931156	0.0	0.0	0.000320204931156	0.0	0.0	0.000320204931156	0.0	0.00128081972462	0.000320204931156	0.0	0.0	0.000320204931156	0.0	-	
2016-10-16	INTC	0.00149221914304	0.0025580899595	0.0	0.000639522489874	0.00170539330633	0.00191856746962	0.000213174163291	0.000852696653166	0.0	0.00191856746962	0.00106587081646	0.000213174163291	0.0	0.0	0.0	0.000213174163291	0.0196120230228	0.0	0.0	0.0	0.0	0.000213174163291	0.0	0.0	0.000213174163291	0.0	0.000426348326583	0.0	0.0	0.0	0.000213174163291	0.0	-	
2016-10-17	INTC	0.00124249326983	0.00455580865604	0.0	0.00207082211638	0.00124249326983	0.00124249326983	0.000207082211638	0.000414164423276	0.0	0.000207082211638	0.000621246634914	0.000414164423276	0.0	0.0	0.0	0.0	0.0405881134811	0.000207082211638	0.000414164423276	0.000828328846552	0.0	0.0	0.0	0.0	0.000207082211638	0.0	0.00103541105819	0.0	0.0	0.000414164423276	0.0	0.0	+	
2016-10-18	INTC	0.000584909339052	0.00448430493274	0.0	0.00175472801716	0.00175472801716	0.00409436537337	0.0	0.00155975823747	0.0	0.000389939559368	0.000389939559368	0.00155975823747	0.0	0.0	0.0	0.0	0.0352895301228	0.000194969779684	0.000779879118737	0.000584909339052	0.0	0.000389939559368	0.0	0.0	0.0	0.0	0.000584909339052	0.0	0.0	0.0	0.0	0.000584909339052	-	
2016-10-21	INTC	0.00114453891432	0.00130804447351	0.000163505559189	0.00114453891432	0.0014715500327	0.00130804447351	0.000327011118378	0.000817527795945	0.0	0.000327011118378	0.000654022236756	0.000327011118378	0.000163505559189	0.000163505559189	0.0	0.000490516677567	0.0138979725311	0.0	0.000327011118378	0.000163505559189	0.0	0.000327011118378	0.0	0.0	0.0	0.0	0.000981033355134	0.0	0.000163505559189	0.000654022236756	0.000327011118378	0.0	-	
2016-10-22	INTC	0.00171952617501	0.00229270156668	0.0	0.00114635078334	0.00076423385556	0.00095529231945	0.00019105846389	0.00095529231945	0.0	0.00038211692778	0.00019105846389	0.00038211692778	0.0	0.0	0.0	0.00019105846389	0.00439434466947	0.0	0.0	0.0	0.0	0.0	0.0	0.0	0.0	0.00019105846389	0.00057317539167	0.0	0.0	0.00019105846389	0.00019105846389	0.00038211692778	-	
2016-10-23	INTC	0.00349879728843	0.00699759457686	0.0	0.000656024491581	0.00109337415264	0.00131204898316	0.0	0.000218674830527	0.0	0.000656024491581	0.000437349661054	0.0	0.0	0.0	0.0	0.0	0.0129018150011	0.0	0.000218674830527	0.000437349661054	0.0	0.0	0.0	0.0	0.0	0.0	0.00153072381369	0.0	0.0	0.000218674830527	0.000437349661054	0.000656024491581	-	
2016-10-24	INTC	0.0021303792075	0.0055389859395	0.0004260758415	0.00106518960375	0.00149126544525	0.0029825308905	0.00021303792075	0.0004260758415	0.0	0.00021303792075	0.000852151683	0.00021303792075	0.0004260758415	0.00063911376225	0.00021303792075	0.0	0.046868342565	0.0	0.0004260758415	0.0004260758415	0.0	0.0004260758415	0.0	0.0	0.0	0.0	0.000852151683	0.00021303792075	0.0	0.0	0.0	0.00021303792075	-	
2016-10-25	INTC	0.00169587337479	0.00263802524967	0.000376860749953	0.00169587337479	0.00169587337479	0.00207273412474	0.000188430374976	0.000188430374976	0.0	0.000188430374976	0.00113058224986	0.000188430374976	0.000376860749953	0.000565291124929	0.0	0.0	0.0531373657434	0.0	0.000565291124929	0.000188430374976	0.0	0.000376860749953	0.0	0.0	0.0	0.0	0.000376860749953	0.000188430374976	0.0	0.0	0.0	0.0	-	
2016-10-28	INTC	0.00157356412274	0.00188827694729	0.0	0.00220298977183	0.00204563335956	0.000629425649095	0.000314712824548	0.000157356412274	0.0	0.000157356412274	0.000157356412274	0.0	0.000157356412274	0.0	0.000157356412274	0.0	0.0157356412274	0.0	0.0	0.000314712824548	0.0	0.000157356412274	0.0	0.0	0.0	0.000157356412274	0.0	0.0	0.0	0.0	0.000314712824548	0.0	-	
2016-10-29	INTC	0.00194660734149	0.00139043381535	0.0	0.00083426028921	0.00222469410456	0.00027808676307	0.0	0.0	0.0	0.00055617352614	0.00027808676307	0.0	0.0	0.0	0.0	0.0	0.00750834260289	0.0	0.0	0.00027808676307	0.0	0.0	0.0	0.0	0.0	0.0	0.00139043381535	0.0	0.0	0.0	0.0	0.00083426028921	-	
2016-10-30	INTC	0.00276090557703	0.00294496594883	0.0	0.000368120743604	0.00294496594883	0.00110436223081	0.000368120743604	0.000184060371802	0.0	0.000368120743604	0.000184060371802	0.0	0.0	0.0	0.0	0.0	0.0130682863979	0.0	0.0	0.000736241487208	0.0	0.0	0.0	0.0	0.0	0.0	0.00110436223081	0.0	0.0	0.0	0.0	0.00092030185901	=	
2016-10-31	INTC	0.00182704019488	0.00324807145757	0.0	0.00182704019488	0.00345107592367	0.00142103126269	0.000406008932197	0.000203004466098	0.000203004466098	0.000203004466098	0.00142103126269	0.000203004466098	0.0	0.0	0.0	0.0	0.0243605359318	0.0	0.000812017864393	0.000203004466098	0.0	0.000812017864393	0.0	0.0	0.0	0.0	0.000203004466098	0.000203004466098	0.000203004466098	0.000406008932197	0.0	0.000203004466098	-	
2016-11-01	INTC	0.00140878140409	0.00469593801362	0.0	0.00305235970885	0.00328715660953	0.00258276590749	0.0	0.0	0.000234796900681	0.000234796900681	0.00234796900681	0.0	0.0	0.0	0.0	0.0	0.0446114111294	0.0	0.00211317210613	0.000939187602724	0.0	0.000469593801362	0.0	0.0	0.0	0.0	0.0	0.000234796900681	0.000704390702043	0.000704390702043	0.000234796900681	0.0	+	
2016-11-04	INTC	0.0085579024035	0.0094683175528	0.0	0.00455207574654	0.00127458120903	0.0023670793882	0.000910415149308	0.0	0.0	0.000182083029862	0.00127458120903	0.0	0.0	0.0	0.0	0.0	0.0304078659869	0.0	0.000182083029862	0.000728332119446	0.000364166059723	0.0	0.0	0.0	0.000182083029862	0.0	0.000182083029862	0.0	0.0	0.000364166059723	0.0	0.0	+	
2016-11-05	INTC	0.0109419600381	0.00975261655566	0.0	0.00309229305423	0.000951474785918	0.00166508087536	0.000951474785918	0.0	0.0	0.0	0.000475737392959	0.0	0.0	0.0	0.0	0.00023786869648	0.0109419600381	0.0	0.000475737392959	0.000713606089439	0.0	0.000475737392959	0.00023786869648	0.0	0.00023786869648	0.00023786869648	0.0	0.0	0.00023786869648	0.0	0.0	0.0	+	
2016-11-06	INTC	0.00296610169492	0.00508474576271	0.0	0.000847457627119	0.00190677966102	0.00233050847458	0.000423728813559	0.00021186440678	0.0	0.0010593220339	0.000423728813559	0.0	0.0	0.0	0.0	0.00021186440678	0.0161016949153	0.0	0.0010593220339	0.0010593220339	0.0	0.000423728813559	0.00021186440678	0.0	0.0	0.000423728813559	0.000423728813559	0.0	0.00021186440678	0.0	0.00021186440678	0.0	+	
2016-11-07	INTC	0.00274261603376	0.00632911392405	0.0	0.00084388185654	0.00168776371308	0.00189873417722	0.000210970464135	0.0	0.0	0.00105485232068	0.00084388185654	0.0	0.0	0.0	0.0	0.0	0.0217299578059	0.0	0.000632911392405	0.00105485232068	0.0	0.0	0.0	0.0	0.0	0.00042194092827	0.000632911392405	0.0	0.000210970464135	0.00042194092827	0.000210970464135	0.0	-	
2016-11-08	INTC	0.00444162436548	0.00634517766497	0.0	0.00126903553299	0.00253807106599	0.000951776649746	0.000317258883249	0.0	0.0	0.0	0.00158629441624	0.0	0.0	0.0	0.0	0.0	0.0326776649746	0.0	0.00158629441624	0.000951776649746	0.0	0.000634517766497	0.0	0.0	0.000317258883249	0.000317258883249	0.000317258883249	0.0	0.000317258883249	0.000634517766497	0.0	0.0	+	
2016-11-11	INTC	0.00105848107965	0.00740936755755	0.000264620269913	0.000793860809738	0.00264620269913	0.00317544323895	0.0	0.0	0.0	0.000793860809738	0.000529240539825	0.0	0.0	0.0	0.0	0.000264620269913	0.0185234188939	0.0	0.0	0.000793860809738	0.0	0.0	0.0	0.0	0.0	0.0	0.000264620269913	0.0	0.0	0.0	0.0	0.0	-	
2016-11-12	INTC	0.00218698742482	0.00765445598688	0.0	0.00218698742482	0.00273373428103	0.00382722799344	0.000546746856206	0.0	0.0	0.0	0.00109349371241	0.0	0.0	0.0	0.0	0.0	0.0120284308365	0.0	0.0	0.00109349371241	0.0	0.0	0.0	0.0	0.0	0.0	0.0	0.0	0.0	0.000546746856206	0.0	0.0	+	
2016-11-13	INTC	0.000934404784152	0.00373761913661	0.0	0.00149504765464	0.00392450009344	0.000747523827322	0.000373761913661	0.0	0.0	0.0	0.00149504765464	0.0	0.0	0.0	0.0	0.0	0.024294524388	0.0	0.000560642870491	0.00018688095683	0.0	0.000373761913661	0.0	0.0	0.0	0.0	0.000373761913661	0.0	0.00018688095683	0.000373761913661	0.0	0.0	-	
2016-11-14	INTC	0.00222181077578	0.00536937604147	0.0	0.00111090538789	0.00499907424551	0.00129605628587	0.000555452693946	0.0	0.0	0.0	0.00111090538789	0.0	0.0	0.0	0.0	0.0	0.0299944454731	0.000185150897982	0.000925754489909	0.000925754489909	0.0	0.000740603591927	0.0	0.0	0.0	0.000185150897982	0.00111090538789	0.0	0.0	0.000185150897982	0.0	0.0	+	
2016-11-15	INTC	0.00238616027043	0.00874925432492	0.0	0.00139192682442	0.00536886060847	0.00397693378405	0.00079538675681	0.0	0.000596540067608	0.000198846689203	0.00139192682442	0.000198846689203	0.0	0.0	0.0	0.0	0.0377808709485	0.000198846689203	0.00159077351362	0.00159077351362	0.000198846689203	0.00119308013522	0.0	0.0	0.0	0.000198846689203	0.00079538675681	0.0	0.0	0.000596540067608	0.0	0.0	+	
2016-11-18	INTC	0.00252798844348	0.00740339472734	0.000180570603106	0.000361141206212	0.00270855904659	0.00108342361863	0.000361141206212	0.000361141206212	0.0	0.000361141206212	0.000180570603106	0.000180570603106	0.000722282412423	0.0	0.000180570603106	0.000361141206212	0.0250993138317	0.0	0.000541711809317	0.000180570603106	0.000361141206212	0.000541711809317	0.0	0.0	0.000361141206212	0.000180570603106	0.00180570603106	0.0	0.0	0.000361141206212	0.0	0.0	-	
2016-11-19	INTC	0.00148411991689	0.00949836746809	0.0	0.00118729593351	0.0026714158504	0.00118729593351	0.000296823983378	0.000890471950134	0.0	0.000593647966756	0.00118729593351	0.0	0.000296823983378	0.0	0.0	0.0	0.00771742356782	0.0	0.00178094390027	0.000296823983378	0.000593647966756	0.000296823983378	0.0	0.0	0.000296823983378	0.000296823983378	0.00148411991689	0.0	0.0	0.000890471950134	0.0	0.0	+	
