"Date"	"Tweet Prediction Date"	"Open"	"High"	"Low"	"Close"	"Volume"	"Ex-Dividend"	"Split Ratio"	"Adj. Open"	"Adj. High"	"Adj. Low"	"Adj. Close"
"2016-07-01"	"2016-06-28"	"61.52"	"62.0115"	"61.16"	"61.26"	"14214829.0"	"0.48"	"1.0"	"60.0745603962"	"60.5545123864"	"59.7230187554"	"59.8206692112"
"2016-07-05"	"2016-07-02"	"60.45"	"60.6"	"59.1"	"59.55"	"23356834.0"	"0.0"	"1.0"	"59.0297005194"	"59.176176203"	"57.7114193663"	"58.1508464173"
"2016-07-06"	"2016-07-03"	"59.01"	"60.29"	"58.76"	"60.19"	"20427988.0"	"0.0"	"1.0"	"57.6235339561"	"58.8734597901"	"57.3794078167"	"58.7758093343"
"2016-07-07"	"2016-07-04"	"60.52"	"61.14"	"60.16"	"60.58"	"13771417.0"	"0.0"	"1.0"	"59.0980558384"	"59.7034886643"	"58.7465141976"	"59.1566461119"
"2016-07-08"	"2016-07-05"	"61.33"	"62.17"	"61.33"	"61.83"	"16998814.0"	"0.0"	"1.0"	"59.8890245302"	"60.7092883588"	"59.8890245302"	"60.3772768091"
"2016-07-11"	"2016-07-08"	"62.42"	"62.95"	"62.14"	"62.27"	"13151218.0"	"0.0"	"1.0"	"60.9534144982"	"61.4709619139"	"60.6799932221"	"60.8069388146"
"2016-07-12"	"2016-07-09"	"63.03"	"63.56"	"62.89"	"63.2"	"16587469.0"	"0.0"	"1.0"	"61.5490822785"	"62.0666296941"	"61.4123716404"	"61.7150880533"
"2016-07-13"	"2016-07-10"	"63.08"	"63.43"	"62.64"	"63.16"	"18483123.0"	"0.0"	"1.0"	"61.5979075064"	"61.9396841016"	"61.168245501"	"61.676027871"
"2016-07-14"	"2016-07-11"	"64.74"	"64.98"	"64.05"	"64.12"	"28981089.0"	"0.0"	"1.0"	"63.2189050724"	"63.4532661662"	"62.5451169275"	"62.6134722465"
"2016-07-15"	"2016-07-12"	"64.75"	"64.8"	"63.61"	"64.18"	"17599853.0"	"0.0"	"1.0"	"63.2286701179"	"63.2774953458"	"62.115454922"	"62.67206252"
"2016-07-18"	"2016-07-15"	"64.13"	"64.4"	"63.9"	"63.96"	"10824064.0"	"0.0"	"1.0"	"62.6232372921"	"62.8868935227"	"62.3986412438"	"62.4572315173"
"2016-07-19"	"2016-07-16"	"63.61"	"64.1"	"63.46"	"63.86"	"9729926.0"	"0.0"	"1.0"	"62.115454922"	"62.5939421554"	"61.9689792384"	"62.3595810615"
"2016-07-20"	"2016-07-17"	"64.11"	"64.229"	"63.71"	"63.93"	"10404438.0"	"0.0"	"1.0"	"62.6037072009"	"62.7199112433"	"62.2131053778"	"62.4279363805"
"2016-07-21"	"2016-07-18"	"64.0"	"64.18"	"63.63"	"63.69"	"9952550.0"	"0.0"	"1.0"	"62.4962916996"	"62.67206252"	"62.1349850132"	"62.1935752867"
"2016-07-22"	"2016-07-19"	"63.9"	"64.09"	"63.6"	"64.04"	"8195688.0"	"0.0"	"1.0"	"62.3986412438"	"62.5841771098"	"62.1056898765"	"62.5353518819"
"2016-07-25"	"2016-07-22"	"63.98"	"64.17"	"63.675"	"63.87"	"8167253.0"	"0.0"	"1.0"	"62.4767616084"	"62.6622974744"	"62.1789277183"	"62.3693461071"
"2016-07-26"	"2016-07-23"	"63.98"	"64.26"	"63.71"	"64.13"	"8067291.0"	"0.0"	"1.0"	"62.4767616084"	"62.7501828846"	"62.2131053778"	"62.6232372921"
"2016-07-27"	"2016-07-24"	"64.08"	"64.685"	"64.06"	"64.33"	"11798111.0"	"0.0"	"1.0"	"62.5744120642"	"63.1651973217"	"62.554881973"	"62.8185382037"
"2016-07-28"	"2016-07-25"	"64.0"	"64.19"	"63.72"	"64.1"	"10013424.0"	"0.0"	"1.0"	"62.4962916996"	"62.6818275656"	"62.2228704234"	"62.5939421554"
"2016-07-29"	"2016-07-26"	"63.8"	"64.29"	"63.75"	"63.97"	"13210357.0"	"0.0"	"1.0"	"62.300990788"	"62.7794780213"	"62.2521655601"	"62.4669965628"
"2016-08-01"	"2016-07-29"	"64.15"	"64.31"	"63.61"	"63.8"	"11422101.0"	"0.0"	"1.0"	"62.6427673833"	"62.7990081125"	"62.115454922"	"62.300990788"
"2016-08-02"	"2016-07-30"	"63.59"	"64.01"	"63.38"	"63.65"	"13550022.0"	"0.0"	"1.0"	"62.0959248309"	"62.5060567452"	"61.8908588737"	"62.1545151043"
"2016-08-03"	"2016-07-31"	"63.69"	"64.67"	"63.65"	"64.66"	"13121588.0"	"0.0"	"1.0"	"62.1935752867"	"63.1505497533"	"62.1545151043"	"63.1407847077"
"2016-08-04"	"2016-08-01"	"64.49"	"64.815"	"64.27"	"64.56"	"9872821.0"	"0.0"	"1.0"	"62.9747789329"	"63.2921429142"	"62.7599479302"	"63.043134252"
"2016-08-05"	"2016-08-02"	"65.14"	"66.37"	"65.07"	"66.3"	"20752730.0"	"0.0"	"1.0"	"63.6095068955"	"64.8106075016"	"63.5411515764"	"64.7422521825"
"2016-08-08"	"2016-08-05"	"66.07"	"66.485"	"65.84"	"66.1"	"11359174.0"	"0.0"	"1.0"	"64.5176561342"	"64.9229055257"	"64.2930600859"	"64.546951271"
"2016-08-09"	"2016-08-06"	"66.18"	"66.28"	"65.69"	"65.87"	"10096971.0"	"0.0"	"1.0"	"64.6250716356"	"64.7227220914"	"64.1465844023"	"64.3223552227"
"2016-08-10"	"2016-08-07"	"65.92"	"66.07"	"65.16"	"65.28"	"11556086.0"	"0.0"	"1.0"	"64.3711804506"	"64.5176561342"	"63.6290369866"	"63.7462175336"
"2016-08-11"	"2016-08-08"	"65.27"	"65.69"	"65.02"	"65.46"	"9604549.0"	"0.0"	"1.0"	"63.736452488"	"64.1465844023"	"63.4923263485"	"63.921988354"
"2016-08-12"	"2016-08-09"	"64.97"	"65.35"	"64.86"	"65.32"	"7684583.0"	"0.0"	"1.0"	"63.4435011206"	"63.8145728526"	"63.3360856193"	"63.7852777159"
"2016-08-15"	"2016-08-12"	"65.56"	"65.83"	"65.46"	"65.72"	"8371557.0"	"0.0"	"1.0"	"64.0196388098"	"64.2832950404"	"63.921988354"	"64.175879539"
"2016-08-16"	"2016-08-13"	"65.36"	"65.96"	"65.24"	"65.71"	"10128856.0"	"0.0"	"1.0"	"63.8243378982"	"64.4102406329"	"63.7071573513"	"64.1661144934"
"2016-08-17"	"2016-08-14"	"65.8"	"65.98"	"65.54"	"65.89"	"11867865.0"	"0.0"	"1.0"	"64.2539999036"	"64.429770724"	"64.0001087186"	"64.3418853138"
"2016-08-18"	"2016-08-15"	"65.62"	"65.99"	"65.53"	"65.95"	"9313621.0"	"0.0"	"1.0"	"64.0782290832"	"64.4395357696"	"63.990343673"	"64.4004755873"
"2016-08-19"	"2016-08-16"	"65.72"	"65.91"	"65.22"	"65.86"	"9083377.0"	"0.0"	"1.0"	"64.175879539"	"64.361415405"	"63.6876272601"	"64.3125901771"
"2016-08-22"	"2016-08-19"	"65.75"	"65.88"	"65.41"	"65.8"	"9055631.0"	"0.0"	"1.0"	"64.2051746757"	"64.3321202683"	"63.8731631261"	"64.2539999036"
"2016-08-23"	"2016-08-20"	"66.07"	"66.34"	"65.76"	"65.77"	"8949577.0"	"0.0"	"1.0"	"64.5176561342"	"64.7813123648"	"64.2149397213"	"64.2247047669"
"2016-08-24"	"2016-08-21"	"65.99"	"66.23"	"65.77"	"65.95"	"10167179.0"	"0.0"	"1.0"	"64.4395357696"	"64.6738968635"	"64.2247047669"	"64.4004755873"
"2016-08-25"	"2016-08-22"	"65.91"	"66.14"	"65.79"	"66.07"	"9978651.0"	"0.0"	"1.0"	"64.361415405"	"64.5860114533"	"64.2442348581"	"64.5176561342"
"2016-08-26"	"2016-08-23"	"66.33"	"66.88"	"65.845"	"66.22"	"14038597.0"	"0.0"	"1.0"	"64.7715473193"	"65.3086248261"	"64.2979426087"	"64.6641318179"
"2016-08-29"	"2016-08-26"	"66.49"	"67.1"	"66.46"	"66.95"	"14580044.0"	"0.0"	"1.0"	"64.9277880485"	"65.5234558288"	"64.8984929118"	"65.3769801451"
"2016-08-30"	"2016-08-27"	"66.96"	"67.595"	"66.95"	"67.5"	"13791126.0"	"0.0"	"1.0"	"65.3867451907"	"66.0068255849"	"65.3769801451"	"65.9140576519"
"2016-08-31"	"2016-08-28"	"67.46"	"67.77"	"66.855"	"67.5"	"14952329.0"	"0.0"	"1.0"	"65.8749974696"	"66.1777138825"	"65.2842122121"	"65.9140576519"
"2016-09-01"	"2016-08-29"	"67.64"	"67.72"	"66.65"	"67.21"	"12226517.0"	"0.0"	"1.0"	"66.05076829"	"66.1288886546"	"65.0840287778"	"65.6308713301"
"2016-09-02"	"2016-08-30"	"67.4"	"67.575"	"66.98"	"67.49"	"13720662.0"	"0.0"	"1.0"	"65.8164071961"	"65.9872954937"	"65.4062752818"	"65.9042926063"
"2016-09-06"	"2016-09-03"	"67.5"	"67.55"	"66.71"	"67.44"	"16648771.0"	"0.0"	"1.0"	"65.9140576519"	"65.9628828798"	"65.1426190512"	"65.8554673784"
"2016-09-07"	"2016-09-04"	"67.16"	"67.5901"	"66.96"	"67.16"	"10069882.0"	"0.0"	"1.0"	"65.5820461022"	"66.0020407126"	"65.3867451907"	"65.5820461022"
"2016-09-08"	"2016-09-05"	"67.22"	"67.68"	"67.0"	"67.25"	"12252961.0"	"0.0"	"1.0"	"65.6406363757"	"66.0898284723"	"65.425805373"	"65.6699315124"
"2016-09-09"	"2016-09-06"	"67.03"	"67.43"	"66.64"	"66.65"	"19686877.0"	"0.0"	"1.0"	"65.4551005097"	"65.8457023329"	"65.0742637322"	"65.0840287778"
"2016-09-12"	"2016-09-09"	"66.14"	"67.3"	"65.76"	"67.06"	"16452983.0"	"0.0"	"1.0"	"64.5860114533"	"65.7187567403"	"64.2149397213"	"65.4843956465"
"2016-09-13"	"2016-09-10"	"66.11"	"66.86"	"65.82"	"66.53"	"18876069.0"	"0.0"	"1.0"	"64.5567163165"	"65.2890947349"	"64.2735299948"	"64.9668482308"
"2016-09-14"	"2016-09-11"	"66.27"	"67.245"	"66.21"	"66.4"	"12647520.0"	"0.0"	"1.0"	"64.7129570458"	"65.6650489897"	"64.6543667723"	"64.8399026383"
"2016-09-15"	"2016-09-12"	"66.29"	"66.93"	"66.09"	"66.64"	"12639449.0"	"0.0"	"1.0"	"64.732487137"	"65.357450054"	"64.5371862254"	"65.0742637322"
"2016-09-16"	"2016-09-13"	"66.09"	"66.26"	"65.44"	"65.82"	"25159813.0"	"0.0"	"1.0"	"64.5371862254"	"64.7031920002"	"63.9024582628"	"64.2735299948"
"2016-09-19"	"2016-09-16"	"66.15"	"66.64"	"65.85"	"66.19"	"13466874.0"	"0.0"	"1.0"	"64.5957764989"	"65.0742637322"	"64.3028251315"	"64.6348366812"
"2016-09-20"	"2016-09-17"	"66.75"	"66.85"	"66.24"	"66.46"	"10092057.0"	"0.0"	"1.0"	"65.1816792335"	"65.2793296893"	"64.6836619091"	"64.8984929118"
"2016-09-21"	"2016-09-18"	"66.84"	"67.13"	"66.3099"	"66.84"	"14116774.0"	"0.0"	"1.0"	"65.2695646437"	"65.5527509655"	"64.7519195777"	"65.2695646437"
"2016-09-22"	"2016-09-19"	"66.99"	"67.42"	"66.84"	"67.39"	"12780743.0"	"0.0"	"1.0"	"65.4160403274"	"65.8359372873"	"65.2695646437"	"65.8066421505"
"2016-09-23"	"2016-09-20"	"67.39"	"67.9"	"67.1766"	"67.25"	"13967357.0"	"0.0"	"1.0"	"65.8066421505"	"66.304659475"	"65.5982560779"	"65.6699315124"
"2016-09-26"	"2016-09-23"	"66.6"	"66.8"	"65.54"	"65.78"	"16408130.0"	"0.0"	"1.0"	"65.0352035499"	"65.2305044614"	"64.0001087186"	"64.2344698125"
"2016-09-27"	"2016-09-24"	"65.41"	"66.405"	"65.11"	"66.36"	"13711386.0"	"0.0"	"1.0"	"63.8731631261"	"64.8447851611"	"63.5802117587"	"64.800842456"
"2016-09-28"	"2016-09-25"	"66.58"	"66.77"	"65.9939"	"66.71"	"11272654.0"	"0.0"	"1.0"	"65.0156734587"	"65.2012093247"	"64.4433441374"	"65.1426190512"
"2016-09-29"	"2016-09-26"	"66.7"	"67.21"	"65.35"	"65.65"	"18726692.0"	"0.0"	"1.0"	"65.1328540057"	"65.6308713301"	"63.8145728526"	"64.10752422"
"2016-09-30"	"2016-09-27"	"66.08"	"67.06"	"66.08"	"66.59"	"21671372.0"	"0.0"	"1.0"	"64.5274211798"	"65.4843956465"	"64.5274211798"	"65.0254385043"
"2016-10-03"	"2016-09-30"	"66.35"	"66.92"	"66.26"	"66.51"	"14898676.0"	"0.0"	"1.0"	"64.7910774104"	"65.3476850084"	"64.7031920002"	"64.9473181397"
"2016-10-04"	"2016-10-01"	"66.21"	"67.18"	"66.1"	"66.6"	"17226890.0"	"0.48"	"1.0"	"65.1203441905"	"66.0743803461"	"65.0121545234"	"65.5039257376"
"2016-10-05"	"2016-10-02"	"66.89"	"68.07"	"66.8"	"67.69"	"16279971.0"	"0.0"	"1.0"	"65.7891530419"	"66.9497331075"	"65.7006342233"	"66.5759869847"
"2016-10-06"	"2016-10-03"	"67.73"	"67.97"	"67.05"	"67.87"	"17483910.0"	"0.0"	"1.0"	"66.6153286818"	"66.8513788647"	"65.9465198304"	"66.7530246218"
"2016-10-07"	"2016-10-04"	"67.79"	"68.18"	"67.4"	"68.11"	"18496219.0"	"0.0"	"1.0"	"66.6743412275"	"67.0579227746"	"66.2907596804"	"66.9890748046"
"2016-10-10"	"2016-10-07"	"68.34"	"69.06"	"68.23"	"68.64"	"13027466.0"	"0.0"	"1.0"	"67.2152895632"	"67.9234401117"	"67.1070998961"	"67.5103522917"
"2016-10-11"	"2016-10-08"	"68.5"	"68.82"	"67.93"	"68.31"	"15657104.0"	"0.0"	"1.0"	"67.3726563518"	"67.6873899289"	"66.8120371675"	"67.1857832903"
"2016-10-12"	"2016-10-09"	"68.26"	"68.59"	"68.05"	"68.13"	"11899613.0"	"0.0"	"1.0"	"67.1366061689"	"67.4611751703"	"66.9300622589"	"67.0087456532"
"2016-10-13"	"2016-10-10"	"67.46"	"67.87"	"66.82"	"67.74"	"17890046.0"	"0.0"	"1.0"	"66.3497722261"	"66.7530246218"	"65.7203050719"	"66.6251641061"
"2016-10-14"	"2016-10-11"	"68.8"	"69.03"	"67.3"	"67.52"	"24162871.0"	"0.0"	"1.0"	"67.6677190803"	"67.8939338389"	"66.1924054376"	"66.4087847718"
"2016-10-17"	"2016-10-14"	"67.42"	"67.79"	"66.735"	"67.17"	"14963411.0"	"0.0"	"1.0"	"66.310430529"	"66.6743412275"	"65.6367039655"	"66.0645449219"
"2016-10-18"	"2016-10-15"	"67.85"	"68.21"	"67.54"	"67.7"	"11870286.0"	"0.0"	"1.0"	"66.7333537732"	"67.0874290475"	"66.4284556204"	"66.585822409"
"2016-10-19"	"2016-10-16"	"67.81"	"68.5"	"67.81"	"68.35"	"12705774.0"	"0.0"	"1.0"	"66.6940120761"	"67.3726563518"	"66.6940120761"	"67.2251249875"
"2016-10-20"	"2016-10-17"	"68.08"	"68.68"	"67.94"	"68.26"	"14122005.0"	"0.0"	"1.0"	"66.9595685318"	"67.5496939889"	"66.8218725918"	"67.1366061689"
"2016-10-21"	"2016-10-18"	"67.81"	"68.53"	"67.7"	"68.49"	"12172607.0"	"0.0"	"1.0"	"66.6940120761"	"67.4021626246"	"66.585822409"	"67.3628209275"
"2016-10-24"	"2016-10-21"	"68.97"	"69.05"	"68.495"	"68.87"	"10197123.0"	"0.0"	"1.0"	"67.8349212931"	"67.9136046874"	"67.3677386396"	"67.7365670503"
"2016-10-25"	"2016-10-22"	"68.88"	"68.93"	"68.38"	"68.8"	"9945050.0"	"0.0"	"1.0"	"67.7464024746"	"67.795579596"	"67.2546312603"	"67.6677190803"
"2016-10-26"	"2016-10-23"	"68.37"	"69.25"	"68.37"	"69.13"	"9792422.0"	"0.0"	"1.0"	"67.2447958361"	"68.1103131731"	"67.2447958361"	"67.9922880817"
"2016-10-27"	"2016-10-24"	"69.49"	"69.77"	"69.1"	"69.23"	"14210699.0"	"0.0"	"1.0"	"68.346363356"	"68.6217552359"	"67.9627818089"	"68.0906423246"
"2016-10-28"	"2016-10-25"	"69.53"	"69.55"	"68.465"	"69.11"	"12766498.0"	"0.0"	"1.0"	"68.3857050531"	"68.4053759017"	"67.3382323668"	"67.9726172331"
"2016-10-31"	"2016-10-28"	"69.43"	"69.58"	"69.23"	"69.26"	"14336194.0"	"0.0"	"1.0"	"68.2873508103"	"68.4348821745"	"68.0906423246"	"68.1201485974"
"2016-11-01"	"2016-10-29"	"69.48"	"69.78"	"68.33"	"68.97"	"15564491.0"	"0.0"	"1.0"	"68.3365279317"	"68.6315906602"	"67.2054541389"	"67.8349212931"
"2016-11-02"	"2016-10-30"	"68.65"	"68.85"	"68.01"	"68.68"	"12449748.0"	"0.0"	"1.0"	"67.520187716"	"67.7168962017"	"66.8907205618"	"67.5496939889"
"2016-11-03"	"2016-10-31"	"68.86"	"69.19"	"68.22"	"68.38"	"10369521.0"	"0.0"	"1.0"	"67.726731626"	"68.0513006274"	"67.0972644718"	"67.2546312603"
"2016-11-04"	"2016-11-01"	"68.49"	"68.56"	"67.64"	"67.76"	"13571306.0"	"0.0"	"1.0"	"67.3628209275"	"67.4316688975"	"66.5268098633"	"66.6448349547"
"2016-11-07"	"2016-11-04"	"69.08"	"69.97"	"69.0"	"69.88"	"16515137.0"	"0.0"	"1.0"	"67.9431109603"	"68.8184637216"	"67.864427566"	"68.7299449031"
"2016-11-08"	"2016-11-05"	"69.7"	"70.545"	"69.24"	"70.03"	"17529098.0"	"0.0"	"1.0"	"68.5529072659"	"69.384000618"	"68.1004777488"	"68.8774762674"
"2016-11-09"	"2016-11-06"	"71.46"	"74.15"	"71.32"	"73.25"	"50948378.0"	"0.0"	"1.0"	"70.2839419401"	"72.9296710727"	"70.1462460001"	"72.0444828871"
"2016-11-10"	"2016-11-07"	"74.22"	"77.25"	"74.22"	"76.65"	"56189465.0"	"0.0"	"1.0"	"72.9985190427"	"75.9786526011"	"72.9985190427"	"75.388527144"
"2016-11-11"	"2016-11-08"	"76.3"	"76.725"	"75.77"	"76.69"	"27574323.0"	"0.0"	"1.0"	"75.044287294"	"75.4622928261"	"74.5230098069"	"75.4278688411"
"2016-11-14"	"2016-11-11"	"77.25"	"80.44"	"77.25"	"79.51"	"46130653.0"	"0.0"	"1.0"	"75.9786526011"	"79.116152948"	"75.9786526011"	"78.2014584895"
"2016-11-15"	"2016-11-12"	"78.37"	"79.41"	"77.78"	"79.36"	"28126307.0"	"0.0"	"1.0"	"77.080220121"	"78.1031042466"	"76.4999300882"	"78.0539271252"
"2016-11-16"	"2016-11-13"	"78.22"	"78.35"	"76.88"	"77.4"	"26037707.0"	"0.0"	"1.0"	"76.9326887567"	"77.0605492724"	"75.6147419025"	"76.1261839653"
"2016-11-17"	"2016-11-14"	"78.13"	"78.455"	"77.6"	"78.02"	"19305607.0"	"0.0"	"1.0"	"76.8441699381"	"77.1638212274"	"76.322892451"	"76.735980271"
"2016-11-18"	"2016-11-15"	"77.96"	"78.42"	"77.55"	"77.71"	"19769965.0"	"0.0"	"1.0"	"76.6769677253"	"77.1293972424"	"76.2737153296"	"76.4310821182"
"2016-11-21"	"2016-11-18"	"78.0"	"78.17"	"77.29"	"78.05"	"11983529.0"	"0.0"	"1.0"	"76.7163094224"	"76.8835116353"	"76.0179942982"	"76.7654865439"
"2016-11-22"	"2016-11-19"	"78.34"	"78.555"	"77.76"	"78.53"	"14409108.0"	"0.0"	"1.0"	"77.0507138481"	"77.2621754703"	"76.4802592396"	"77.2375869095"
"2016-11-23"	"2016-11-20"	"78.87"	"79.24"	"77.89"	"78.86"	"13401187.0"	"0.0"	"1.0"	"77.5719913352"	"77.9359020338"	"76.6081197553"	"77.5621559109"
"2016-11-25"	"2016-11-22"	"79.1"	"79.45"	"78.47"	"78.83"	"6185719.0"	"0.0"	"1.0"	"77.7982060938"	"78.1424459438"	"77.1785743638"	"77.5326496381"
"2016-11-28"	"2016-11-25"	"78.18"	"78.87"	"78.02"	"78.32"	"13007242.0"	"0.0"	"1.0"	"76.8933470596"	"77.5719913352"	"76.735980271"	"77.0310429996"
"2016-11-29"	"2016-11-26"	"78.39"	"79.16"	"78.39"	"78.92"	"14143902.0"	"0.0"	"1.0"	"77.0998909696"	"77.8572186395"	"77.0998909696"	"77.6211684567"
"2016-11-30"	"2016-11-27"	"79.92"	"80.53"	"79.7"	"80.17"	"25351594.0"	"0.0"	"1.0"	"78.6047108851"	"79.2046717665"	"78.3883315509"	"78.8505964923"
"2016-12-01"	"2016-11-28"	"80.65"	"82.279"	"80.65"	"81.79"	"23820802.0"	"0.0"	"1.0"	"79.3226968579"	"80.924887474"	"79.3226968579"	"80.4439352264"
"2016-12-02"	"2016-11-29"	"81.8"	"81.83"	"80.9"	"81.6"	"16931484.0"	"0.0"	"1.0"	"80.4537706507"	"80.4832769236"	"79.5685824651"	"80.257062165"
"2016-12-05"	"2016-12-02"	"82.3"	"83.29"	"82.29"	"83.26"	"18529840.0"	"0.0"	"1.0"	"80.945541865"	"81.9192488692"	"80.9357064407"	"81.8897425963"
"2016-12-06"	"2016-12-03"	"83.6"	"83.81"	"82.43"	"83.69"	"16130043.0"	"0.0"	"1.0"	"82.224147022"	"82.430690932"	"81.0734023807"	"82.3126658406"
"2016-12-07"	"2016-12-04"	"83.55"	"84.09"	"82.85"	"84.07"	"18996905.0"	"0.0"	"1.0"	"82.1749699006"	"82.706082812"	"81.4864902006"	"82.6864119634"
"2016-12-08"	"2016-12-05"	"84.23"	"85.5"	"83.94"	"85.12"	"20837878.0"	"0.0"	"1.0"	"82.8437787519"	"84.0928776361"	"82.5585514477"	"83.7191315133"
"2016-12-09"	"2016-12-06"	"85.02"	"85.5"	"84.14"	"85.49"	"14567202.0"	"0.0"	"1.0"	"83.6207772705"	"84.0928776361"	"82.7552599334"	"84.0830422118"
"2016-12-12"	"2016-12-09"	"85.36"	"85.79"	"84.29"	"84.73"	"14509120.0"	"0.0"	"1.0"	"83.9551816961"	"84.3781049404"	"82.9027912977"	"83.3355499662"
"2016-12-13"	"2016-12-10"	"84.98"	"85.67"	"83.82"	"84.76"	"16669046.0"	"0.0"	"1.0"	"83.5814355733"	"84.260079849"	"82.4405263563"	"83.3650562391"
"2016-12-14"	"2016-12-11"	"83.88"	"86.12"	"83.76"	"84.73"	"22620566.0"	"0.0"	"1.0"	"82.499538902"	"84.7026739418"	"82.3815138106"	"83.3355499662"
"2016-12-15"	"2016-12-12"	"85.4"	"86.49"	"84.9"	"86.0"	"19438924.0"	"0.0"	"1.0"	"83.9945233933"	"85.0665846403"	"83.502752179"	"84.5846488504"
"2016-12-16"	"2016-12-13"	"86.29"	"86.29"	"84.89"	"84.94"	"22975690.0"	"0.0"	"1.0"	"84.8698761546"	"84.8698761546"	"83.4929167548"	"83.5420938762"
"2016-12-19"	"2016-12-16"	"84.8"	"85.44"	"84.19"	"85.43"	"21684743.0"	"0.0"	"1.0"	"83.4043979362"	"84.0338650904"	"82.8044370548"	"84.0240296661"
"2016-12-20"	"2016-12-17"	"85.79"	"86.54"	"85.545"	"86.53"	"14587310.0"	"0.0"	"1.0"	"84.3781049404"	"85.1157617618"	"84.1371370454"	"85.1059263375"
"2016-12-21"	"2016-12-18"	"86.43"	"86.81"	"86.03"	"86.75"	"11393050.0"	"0.0"	"1.0"	"85.0075720946"	"85.3813182175"	"84.6141551232"	"85.3223056718"
"2016-12-22"	"2016-12-19"	"86.44"	"87.17"	"86.21"	"86.89"	"13923096.0"	"0.0"	"1.0"	"85.0174075189"	"85.7353934917"	"84.7911927604"	"85.4600016117"
"2016-12-23"	"2016-12-20"	"87.0"	"87.15"	"86.4"	"87.05"	"10757783.0"	"0.0"	"1.0"	"85.5681912789"	"85.7157226431"	"84.9780658218"	"85.6173684003"
"2016-12-27"	"2016-12-24"	"87.05"	"87.16"	"86.75"	"87.13"	"6945935.0"	"0.0"	"1.0"	"85.6173684003"	"85.7255580674"	"85.3223056718"	"85.6960517946"
"2016-12-28"	"2016-12-25"	"87.16"	"87.39"	"86.35"	"86.5"	"9454499.0"	"0.0"	"1.0"	"85.7255580674"	"85.951772826"	"84.9288887004"	"85.0764200646"
"2016-12-29"	"2016-12-26"	"86.58"	"86.67"	"85.04"	"85.89"	"14689042.0"	"0.0"	"1.0"	"85.1551034589"	"85.2436222775"	"83.640448119"	"84.4764591832"
"2016-12-30"	"2016-12-27"	"86.1"	"86.42"	"85.66"	"86.29"	"13616146.0"	"0.0"	"1.0"	"84.6830030932"	"84.9977366703"	"84.2502444247"	"84.8698761546"
"2017-01-03"	"2016-12-31"	"87.34"	"87.76"	"85.98"	"87.23"	"20550714.0"	"0.0"	"1.0"	"85.9025957046"	"86.3156835245"	"84.5649780018"	"85.7944060374"
"2017-01-04"	"2017-01-01"	"86.96"	"87.18"	"86.4"	"86.91"	"15265665.0"	"0.48"	"1.0"	"86.0012215504"	"86.218795938"	"85.4473958367"	"85.951772826"
"2017-01-05"	"2017-01-02"	"86.81"	"87.11"	"85.2589"	"86.11"	"14300638.0"	"0.0"	"1.0"	"85.8528753771"	"86.1495677238"	"84.3188770474"	"85.1605932349"
"2017-01-06"	"2017-01-03"	"86.39"	"86.62"	"85.94"	"86.12"	"12893298.0"	"0.0"	"1.0"	"85.4375060918"	"85.6649702242"	"84.9924675718"	"85.1704829798"
"2017-01-09"	"2017-01-06"	"85.73"	"86.77"	"85.52"	"86.18"	"12795648.0"	"0.0"	"1.0"	"84.7847829291"	"85.8133163975"	"84.5770982865"	"85.2298214491"
"2017-01-10"	"2017-01-07"	"86.07"	"86.9"	"85.72"	"86.43"	"13989033.0"	"0.0"	"1.0"	"85.1210342554"	"85.9418830811"	"84.7748931843"	"85.4770650713"
"2017-01-11"	"2017-01-08"	"86.43"	"87.08"	"85.91"	"87.08"	"14713067.0"	"0.0"	"1.0"	"85.4770650713"	"86.1198984891"	"84.9627983371"	"86.1198984891"
"2017-01-12"	"2017-01-09"	"86.76"	"87.27"	"86.02"	"86.24"	"21326337.0"	"0.0"	"1.0"	"85.8034266527"	"86.307803642"	"85.0715855309"	"85.2891599185"
"2017-01-13"	"2017-01-10"	"87.11"	"88.17"	"86.1"	"86.7"	"28284855.0"	"0.0"	"1.0"	"86.1495677238"	"87.1978806819"	"85.15070349"	"85.7440881833"
"2017-01-17"	"2017-01-14"	"84.93"	"85.22"	"83.28"	"83.55"	"30024625.0"	"0.0"	"1.0"	"83.9936033381"	"84.2804059398"	"82.3617954315"	"82.6288185434"
"2017-01-18"	"2017-01-15"	"83.63"	"84.23"	"83.03"	"83.94"	"21265303.0"	"0.0"	"1.0"	"82.7079365026"	"83.3013211959"	"82.1145518092"	"83.0145185941"
"2017-01-19"	"2017-01-16"	"84.06"	"84.67"	"83.12"	"83.3"	"16555554.0"	"0.0"	"1.0"	"83.1331955328"	"83.736469971"	"82.2035595132"	"82.3815749212"
"2017-01-20"	"2017-01-17"	"83.43"	"83.83"	"83.285"	"83.67"	"18430684.0"	"0.0"	"1.0"	"82.5101416048"	"82.9057314003"	"82.3667403039"	"82.7474954821"
"2017-01-23"	"2017-01-20"	"83.3"	"84.0"	"83.205"	"83.71"	"12174801.0"	"0.0"	"1.0"	"82.3815749212"	"83.0738570634"	"82.2876223448"	"82.7870544617"
"2017-01-24"	"2017-01-21"	"83.92"	"85.0"	"83.56"	"84.72"	"15175319.0"	"0.0"	"1.0"	"82.9947391043"	"84.0628315523"	"82.6387082883"	"83.7859186954"
"2017-01-25"	"2017-01-22"	"85.84"	"86.17"	"85.17"	"86.03"	"17550952.0"	"0.0"	"1.0"	"84.8935701229"	"85.2199317042"	"84.2309572154"	"85.0814752758"
"2017-01-26"	"2017-01-23"	"85.95"	"86.95"	"85.95"	"86.75"	"15960894.0"	"0.0"	"1.0"	"85.0023573167"	"85.9913318055"	"85.0023573167"	"85.7935369078"
"2017-01-27"	"2017-01-24"	"86.66"	"86.98"	"86.27"	"86.93"	"12534881.0"	"0.0"	"1.0"	"85.7045292038"	"86.0210010402"	"85.3188291531"	"85.9715523158"
"2017-01-30"	"2017-01-27"	"86.19"	"86.5"	"85.32"	"86.03"	"13660409.0"	"0.0"	"1.0"	"85.239711194"	"85.5462932856"	"84.3793033887"	"85.0814752758"
"2017-01-31"	"2017-01-28"	"85.6"	"86.15"	"84.09"	"84.63"	"15640073.0"	"0.0"	"1.0"	"84.6562162456"	"85.2001522145"	"83.1628647674"	"83.6969109914"
"2017-02-01"	"2017-01-29"	"85.54"	"86.1"	"84.68"	"84.95"	"15430058.0"	"0.0"	"1.0"	"84.5968777763"	"85.15070349"	"83.7463597159"	"84.0133828278"
"2017-02-02"	"2017-01-30"	"84.34"	"84.91"	"84.16"	"84.59"	"11081359.0"	"0.0"	"1.0"	"83.4101083896"	"83.9738238483"	"83.2320929816"	"83.6573520119"
"2017-02-03"	"2017-01-31"	"86.19"	"87.31"	"85.865"	"87.18"	"17878630.0"	"0.0"	"1.0"	"85.239711194"	"86.3473626215"	"84.9182944851"	"86.218795938"
"2017-02-06"	"2017-02-03"	"86.79"	"87.45"	"86.61"	"86.77"	"11828361.0"	"0.0"	"1.0"	"85.8330958873"	"86.48581905"	"85.6550804793"	"85.8133163975"
"2017-02-07"	"2017-02-04"	"87.14"	"87.4"	"86.48"	"86.72"	"9391232.0"	"0.0"	"1.0"	"86.1792369584"	"86.4363703255"	"85.5265137958"	"85.7638676731"
"2017-02-08"	"2017-02-05"	"86.18"	"86.31"	"85.37"	"85.96"	"13970278.0"	"0.0"	"1.0"	"85.2298214491"	"85.3583881327"	"84.4287521132"	"85.0122470616"
"2017-02-09"	"2017-02-06"	"86.42"	"87.33"	"86.13"	"87.2"	"13749123.0"	"0.0"	"1.0"	"85.4671753265"	"86.3671421113"	"85.1803727247"	"86.2385754278"
"2017-02-10"	"2017-02-07"	"87.48"	"87.48"	"86.89"	"87.0"	"10992466.0"	"0.0"	"1.0"	"86.5154882846"	"86.5154882846"	"85.9319933362"	"86.04078053"
"2017-02-13"	"2017-02-10"	"87.44"	"88.74"	"87.43"	"88.15"	"18739103.0"	"0.0"	"1.0"	"86.4759293051"	"87.7615961406"	"86.4660395602"	"87.1781011922"
"2017-02-14"	"2017-02-11"	"88.3"	"89.7"	"88.1063"	"89.56"	"17930733.0"	"0.0"	"1.0"	"87.3264473655"	"88.7110116499"	"87.134883007"	"88.5725552214"
"2017-02-15"	"2017-02-12"	"90.08"	"90.87"	"89.35"	"90.59"	"17381807.0"	"0.0"	"1.0"	"89.0868219556"	"89.8681118018"	"88.3648705788"	"89.591198945"
"2017-02-16"	"2017-02-13"	"90.4"	"91.04"	"89.77"	"90.53"	"17672724.0"	"0.0"	"1.0"	"89.4032937921"	"90.0362374649"	"88.7802398641"	"89.5318604756"
"2017-02-17"	"2017-02-14"	"89.82"	"90.465"	"89.69"	"90.23"	"15776559.0"	"0.0"	"1.0"	"88.8296885885"	"89.4675771338"	"88.701121905"	"89.235168129"
"2017-02-21"	"2017-02-18"	"90.51"	"91.15"	"90.46"	"91.01"	"14067806.0"	"0.0"	"1.0"	"89.5120809858"	"90.1450246587"	"89.4626322614"	"90.0065682303"
"2017-02-22"	"2017-02-19"	"90.52"	"91.3"	"90.42"	"91.06"	"11838980.0"	"0.0"	"1.0"	"89.5219707307"	"90.293370832"	"89.4230732819"	"90.0560169547"
"2017-02-23"	"2017-02-20"	"91.18"	"91.34"	"90.52"	"91.13"	"11066952.0"	"0.0"	"1.0"	"90.1746938934"	"90.3329298116"	"89.5219707307"	"90.1252451689"
"2017-02-24"	"2017-02-21"	"90.18"	"90.54"	"89.73"	"90.33"	"15060818.0"	"0.0"	"1.0"	"89.1857194045"	"89.5417502205"	"88.7406808845"	"89.3340655779"
"2017-02-27"	"2017-02-24"	"90.32"	"90.725"	"90.02"	"90.43"	"12360378.0"	"0.0"	"1.0"	"89.324175833"	"89.724710501"	"89.0274834863"	"89.4329630267"
"2017-02-28"	"2017-02-25"	"89.845"	"90.82"	"89.585"	"90.62"	"15182470.0"	"0.0"	"1.0"	"88.8544129508"	"89.8186630774"	"88.5972795837"	"89.6208681796"
"2017-03-01"	"2017-02-26"	"92.79"	"93.98"	"92.61"	"93.6"	"24451380.0"	"0.0"	"1.0"	"91.7669428204"	"92.9438224622"	"91.5889274124"	"92.5680121564"
"2017-03-02"	"2017-02-27"	"93.87"	"93.92"	"92.03"	"92.14"	"16847601.0"	"0.0"	"1.0"	"92.8350352684"	"92.8844839928"	"91.0153222089"	"91.1241094027"
"2017-03-03"	"2017-02-28"	"92.23"	"93.11"	"92.19"	"92.8"	"12861607.0"	"0.0"	"1.0"	"91.2131171067"	"92.0834146569"	"91.1735581271"	"91.7768325653"
"2017-03-06"	"2017-03-03"	"92.25"	"92.32"	"91.1"	"91.92"	"15059178.0"	"0.0"	"1.0"	"91.2328965964"	"91.3021248107"	"90.0955759343"	"90.9065350151"
"2017-03-07"	"2017-03-04"	"91.64"	"92.09"	"91.21"	"91.41"	"11156675.0"	"0.0"	"1.0"	"90.6296221582"	"91.0746606782"	"90.204363128"	"90.4021580258"
"2017-03-08"	"2017-03-05"	"92.68"	"92.851"	"91.1"	"91.21"	"17378401.0"	"0.0"	"1.0"	"91.6581556267"	"91.8272702642"	"90.0955759343"	"90.204363128"
"2017-03-09"	"2017-03-06"	"91.6"	"92.14"	"91.15"	"91.57"	"13726237.0"	"0.0"	"1.0"	"90.5900631787"	"91.1241094027"	"90.1450246587"	"90.560393944"
"2017-03-10"	"2017-03-07"	"91.95"	"92.0"	"90.53"	"91.28"	"13728498.0"	"0.0"	"1.0"	"90.9362042498"	"90.9856529742"	"89.5318604756"	"90.2735913423"
"2017-03-13"	"2017-03-10"	"91.31"	"91.78"	"90.931"	"91.36"	"10004297.0"	"0.0"	"1.0"	"90.3032605769"	"90.7680785867"	"89.9284392457"	"90.3527093014"
"2017-03-14"	"2017-03-11"	"91.02"	"91.65"	"90.765"	"91.51"	"10237702.0"	"0.0"	"1.0"	"90.0164579752"	"90.6395119031"	"89.7642694805"	"90.5010554747"
"2017-03-15"	"2017-03-12"	"91.8"	"92.55"	"91.13"	"91.73"	"16601394.0"	"0.0"	"1.0"	"90.7878580765"	"91.5295889431"	"90.1252451689"	"90.7186298622"
"2017-03-16"	"2017-03-13"	"92.03"	"92.8057"	"91.57"	"91.64"	"14492039.0"	"0.0"	"1.0"	"91.0153222089"	"91.7824697199"	"90.560393944"	"90.6296221582"
"2017-03-17"	"2017-03-14"	"91.83"	"92.04"	"90.65"	"90.68"	"21734743.0"	"0.0"	"1.0"	"90.8175273111"	"91.0252119538"	"89.6505374143"	"89.680206649"
"2017-03-20"	"2017-03-17"	"90.27"	"91.17"	"89.79"	"90.03"	"14623597.0"	"0.0"	"1.0"	"89.2747271085"	"90.1648041485"	"88.8000193539"	"89.0373732312"
"2017-03-21"	"2017-03-18"	"90.36"	"90.64"	"87.06"	"87.39"	"33089241.0"	"0.0"	"1.0"	"89.3637348125"	"89.6406476694"	"86.1001189993"	"86.4264805806"
"2017-03-22"	"2017-03-19"	"86.89"	"88.07"	"86.01"	"87.53"	"21741025.0"	"0.0"	"1.0"	"85.9319933362"	"87.0989832331"	"85.061695786"	"86.5649370091"
"2017-03-23"	"2017-03-20"	"87.21"	"88.5"	"87.09"	"87.39"	"16090092.0"	"0.0"	"1.0"	"86.2484651726"	"87.5242422633"	"86.129788234"	"86.4264805806"
"2017-03-24"	"2017-03-21"	"87.79"	"88.09"	"86.77"	"87.29"	"16091347.0"	"0.0"	"1.0"	"86.8220703762"	"87.1187627228"	"85.8133163975"	"86.3275831318"
"2017-03-27"	"2017-03-24"	"85.53"	"87.401"	"85.23"	"87.24"	"16689294.0"	"0.0"	"1.0"	"84.5869880314"	"86.4373593"	"84.2902956847"	"86.2781344073"
"2017-03-28"	"2017-03-25"	"87.02"	"89.02"	"86.98"	"88.6"	"16253024.0"	"0.0"	"1.0"	"86.0605600198"	"88.0385089975"	"86.0210010402"	"87.6231397121"
"2017-03-29"	"2017-03-26"	"88.6"	"88.82"	"88.08"	"88.27"	"10207578.0"	"0.0"	"1.0"	"87.6231397121"	"87.8407140997"	"87.1088729779"	"87.2967781308"
"2017-03-30"	"2017-03-27"	"88.2"	"89.46"	"88.12"	"89.03"	"11630996.0"	"0.0"	"1.0"	"87.2275499166"	"88.4736577726"	"87.1484319575"	"88.0483987423"
"2017-03-31"	"2017-03-28"	"88.71"	"88.7397"	"87.75"	"87.84"	"16987605.0"	"0.0"	"1.0"	"87.7319269059"	"87.7612994482"	"86.7825113966"	"86.8715191006"
"2017-04-03"	"2017-03-31"	"87.99"	"88.17"	"86.6"	"87.52"	"19827340.0"	"0.0"	"1.0"	"87.0198652739"	"87.1978806819"	"85.6451907344"	"86.5550472642"
"2017-04-04"	"2017-04-01"	"86.89"	"87.67"	"86.715"	"87.31"	"14278332.0"	"0.5"	"1.0"	"86.4241018767"	"87.199919571"	"86.2500402145"	"86.841849866"
"2017-04-05"	"2017-04-02"	"88.42"	"88.54"	"86.13"	"86.19"	"17635486.0"	"0.0"	"1.0"	"87.9458981233"	"88.0652546917"	"85.6681769437"	"85.7278552279"
"2017-04-06"	"2017-04-03"	"85.98"	"86.91"	"85.25"	"86.48"	"14379588.0"	"0.0"	"1.0"	"85.5189812332"	"86.4439946381"	"84.7928954424"	"86.0163002681"
"2017-04-07"	"2017-04-04"	"85.93"	"86.81"	"85.71"	"86.18"	"13092979.0"	"0.0"	"1.0"	"85.4692493298"	"86.3445308311"	"85.2504289544"	"85.7179088472"
"2017-04-10"	"2017-04-07"	"86.08"	"86.69"	"85.4"	"85.88"	"15081616.0"	"0.0"	"1.0"	"85.6184450402"	"86.2251742627"	"84.9420911528"	"85.4195174263"
"2017-04-11"	"2017-04-08"	"85.54"	"85.79"	"84.8"	"85.73"	"14687360.0"	"0.0"	"1.0"	"85.0813404826"	"85.33"	"84.345308311"	"85.2703217158"
"2017-04-12"	"2017-04-09"	"85.93"	"85.95"	"85.03"	"85.4"	"14730636.0"	"0.0"	"1.0"	"85.4692493298"	"85.4891420912"	"84.574075067"	"84.9420911528"
"2017-04-13"	"2017-04-10"	"85.5"	"86.99"	"84.4"	"84.4"	"30529763.0"	"0.0"	"1.0"	"85.0415549598"	"86.5235656836"	"83.9474530831"	"83.9474530831"
"2017-04-17"	"2017-04-14"	"84.44"	"86.08"	"84.37"	"85.86"	"19071650.0"	"0.0"	"1.0"	"83.9872386059"	"85.6184450402"	"83.917613941"	"85.3996246649"
"2017-04-18"	"2017-04-15"	"85.36"	"85.63"	"84.74"	"85.16"	"14127049.0"	"0.0"	"1.0"	"84.90230563"	"85.1708579088"	"84.2856300268"	"84.7033780161"
"2017-04-19"	"2017-04-16"	"85.5"	"85.92"	"84.36"	"84.46"	"17588506.0"	"0.0"	"1.0"	"85.0415549598"	"85.4593029491"	"83.9076675603"	"84.0071313673"
"2017-04-20"	"2017-04-17"	"84.98"	"85.78"	"84.55"	"85.55"	"15631454.0"	"0.0"	"1.0"	"84.5243431635"	"85.3200536193"	"84.0966487936"	"85.0912868633"
"2017-04-21"	"2017-04-18"	"85.5"	"85.68"	"84.51"	"84.52"	"19820592.0"	"0.0"	"1.0"	"85.0415549598"	"85.2205898123"	"84.0568632708"	"84.0668096515"
"2017-04-24"	"2017-04-21"	"86.55"	"88.05"	"86.42"	"87.5"	"25468285.0"	"0.0"	"1.0"	"86.085924933"	"87.5778820375"	"85.9566219839"	"87.0308310992"
"2017-04-25"	"2017-04-22"	"88.55"	"89.13"	"88.26"	"88.26"	"18145138.0"	"0.0"	"1.0"	"88.0752010724"	"88.6520911528"	"87.7867560322"	"87.7867560322"
"2017-04-26"	"2017-04-23"	"88.35"	"89.05"	"88.14"	"88.43"	"12743590.0"	"0.0"	"1.0"	"87.8762734584"	"88.5725201072"	"87.6673994638"	"87.955844504"
"2017-04-27"	"2017-04-24"	"88.37"	"88.37"	"87.01"	"87.61"	"13270774.0"	"0.0"	"1.0"	"87.8961662198"	"87.8961662198"	"86.543458445"	"87.1402412869"
"2017-04-28"	"2017-04-25"	"87.6"	"87.85"	"86.95"	"87.0"	"10727966.0"	"0.0"	"1.0"	"87.1302949062"	"87.3789544236"	"86.4837801609"	"86.5335120643"
"2017-05-01"	"2017-04-28"	"87.36"	"87.74"	"86.56"	"87.06"	"15683989.0"	"0.0"	"1.0"	"86.8915817694"	"87.2695442359"	"86.0958713137"	"86.5931903485"
"2017-05-02"	"2017-04-29"	"86.71"	"86.88"	"86.02"	"86.5"	"14076599.0"	"0.0"	"1.0"	"86.2450670241"	"86.414155496"	"85.558766756"	"86.0361930295"
"2017-05-03"	"2017-04-30"	"86.06"	"87.1"	"86.02"	"87.0"	"11512592.0"	"0.0"	"1.0"	"85.5985522788"	"86.6329758713"	"85.558766756"	"86.5335120643"
"2017-05-04"	"2017-05-01"	"87.69"	"87.73"	"86.57"	"87.1"	"11525880.0"	"0.0"	"1.0"	"87.2198123324"	"87.2595978552"	"86.1058176944"	"86.6329758713"
"2017-05-05"	"2017-05-02"	"87.25"	"87.34"	"86.42"	"87.0"	"9362839.0"	"0.0"	"1.0"	"86.7821715818"	"86.871689008"	"85.9566219839"	"86.5335120643"
"2017-05-08"	"2017-05-05"	"87.04"	"87.3198"	"86.6481"	"87.1"	"8160851.0"	"0.0"	"1.0"	"86.5732975871"	"86.851597319"	"86.1834989276"	"86.6329758713"
"2017-05-09"	"2017-05-06"	"87.26"	"87.84"	"86.5"	"86.75"	"9670517.0"	"0.0"	"1.0"	"86.7921179625"	"87.3690080429"	"86.0361930295"	"86.2848525469"
"2017-05-10"	"2017-05-07"	"86.5288"	"87.48"	"86.47"	"87.43"	"8325404.0"	"0.0"	"1.0"	"86.0648386059"	"87.0109383378"	"86.0063538874"	"86.9612064343"
"2017-05-11"	"2017-05-08"	"87.09"	"87.48"	"86.35"	"87.16"	"10771739.0"	"0.0"	"1.0"	"86.6230294906"	"87.0109383378"	"85.886997319"	"86.6926541555"
"2017-05-12"	"2017-05-09"	"86.68"	"87.0484"	"86.3399"	"86.92"	"8612437.0"	"0.0"	"1.0"	"86.215227882"	"86.5816525469"	"85.8769514745"	"86.4539410188"
"2017-05-15"	"2017-05-12"	"87.1"	"87.49"	"86.86"	"87.34"	"8824015.0"	"0.0"	"1.0"	"86.6329758713"	"87.0208847185"	"86.3942627346"	"86.871689008"
"2017-05-16"	"2017-05-13"	"87.36"	"88.09"	"87.34"	"87.61"	"9718751.0"	"0.0"	"1.0"	"86.8915817694"	"87.6176675603"	"86.871689008"	"87.1402412869"
"2017-05-17"	"2017-05-14"	"86.11"	"86.39"	"83.97"	"84.27"	"24243226.0"	"0.0"	"1.0"	"85.6482841823"	"85.9267828418"	"83.5197587131"	"83.818150134"
"2017-05-18"	"2017-05-15"	"84.07"	"84.8"	"83.36"	"83.96"	"23316342.0"	"0.0"	"1.0"	"83.6192225201"	"84.345308311"	"82.9130294906"	"83.5098123324"
"2017-05-19"	"2017-05-16"	"84.21"	"85.34"	"84.15"	"84.78"	"13352902.0"	"0.0"	"1.0"	"83.7584718499"	"84.8824128686"	"83.6987935657"	"84.3254155496"
"2017-05-22"	"2017-05-19"	"85.18"	"85.29"	"84.21"	"84.7"	"11581646.0"	"0.0"	"1.0"	"84.7232707775"	"84.8326809651"	"83.7584718499"	"84.245844504"
"2017-05-23"	"2017-05-20"	"84.75"	"86.07"	"84.51"	"85.76"	"11671563.0"	"0.0"	"1.0"	"84.2955764075"	"85.6084986595"	"84.0568632708"	"85.3001608579"
"2017-05-24"	"2017-05-21"	"85.88"	"85.97"	"85.24"	"85.71"	"9833833.0"	"0.0"	"1.0"	"85.4195174263"	"85.5090348525"	"84.7829490617"	"85.2504289544"
"2017-05-25"	"2017-05-22"	"85.99"	"86.08"	"85.08"	"85.35"	"12223841.0"	"0.0"	"1.0"	"85.5289276139"	"85.6184450402"	"84.6238069705"	"84.8923592493"
"2017-05-26"	"2017-05-23"	"85.11"	"85.56"	"85.02"	"85.36"	"8087540.0"	"0.0"	"1.0"	"84.6536461126"	"85.101233244"	"84.5641286863"	"84.90230563"
"2017-05-30"	"2017-05-27"	"85.13"	"85.15"	"83.78"	"83.9"	"12534562.0"	"0.0"	"1.0"	"84.673538874"	"84.6934316354"	"83.3307774799"	"83.4501340483"
"2017-05-31"	"2017-05-28"	"83.73"	"83.82"	"81.635"	"82.15"	"27186630.0"	"0.0"	"1.0"	"83.2810455764"	"83.3705630027"	"81.1972788204"	"81.7095174263"
"2017-06-01"	"2017-05-29"	"82.46"	"83.08"	"81.65"	"83.06"	"17049552.0"	"0.0"	"1.0"	"82.0178552279"	"82.6345308311"	"81.2121983914"	"82.6146380697"
"2017-06-02"	"2017-05-30"	"82.29"	"82.99"	"81.98"	"82.64"	"14934042.0"	"0.0"	"1.0"	"81.848766756"	"82.5450134048"	"81.5404289544"	"82.1968900804"
"2017-06-05"	"2017-06-02"	"82.64"	"83.51"	"82.58"	"82.79"	"9024362.0"	"0.0"	"1.0"	"82.1968900804"	"83.0622252011"	"82.1372117962"	"82.3460857909"
"2017-06-06"	"2017-06-03"	"82.29"	"83.215"	"82.13"	"82.96"	"11909197.0"	"0.0"	"1.0"	"81.848766756"	"82.7688069705"	"81.6896246649"	"82.5151742627"
"2017-06-07"	"2017-06-04"	"83.31"	"84.1052"	"83.1"	"83.91"	"13571941.0"	"0.0"	"1.0"	"82.8632975871"	"83.6542337802"	"82.6544235925"	"83.460080429"
"2017-06-08"	"2017-06-05"	"83.91"	"85.7302"	"83.89"	"84.95"	"17676035.0"	"0.0"	"1.0"	"83.460080429"	"85.2705206434"	"83.4401876676"	"84.4945040214"
"2017-06-09"	"2017-06-06"	"85.51"	"87.05"	"85.39"	"86.96"	"18695177.0"	"0.0"	"1.0"	"85.0515013405"	"86.5832439678"	"84.9321447721"	"86.4937265416"
"2017-06-12"	"2017-06-09"	"87.32"	"87.74"	"86.29"	"86.98"	"15952561.0"	"0.0"	"1.0"	"86.8517962466"	"87.2695442359"	"85.8273190349"	"86.5136193029"
"2017-06-13"	"2017-06-10"	"87.55"	"87.85"	"86.98"	"87.27"	"12514538.0"	"0.0"	"1.0"	"87.0805630027"	"87.3789544236"	"86.5136193029"	"86.8020643432"
"2017-06-14"	"2017-06-11"	"86.77"	"87.31"	"85.82"	"87.09"	"16086195.0"	"0.0"	"1.0"	"86.3047453083"	"86.841849866"	"85.3598391421"	"86.6230294906"
"2017-06-15"	"2017-06-12"	"86.25"	"87.08"	"86.24"	"86.57"	"12445517.0"	"0.0"	"1.0"	"85.7875335121"	"86.6130831099"	"85.7775871314"	"86.1058176944"
"2017-06-16"	"2017-06-13"	"86.85"	"86.96"	"86.015"	"86.18"	"16811949.0"	"0.0"	"1.0"	"86.3843163539"	"86.4937265416"	"85.5537935657"	"85.7179088472"
"2017-06-19"	"2017-06-16"	"86.97"	"88.23"	"86.85"	"88.07"	"15719617.0"	"0.0"	"1.0"	"86.5036729223"	"87.7569168901"	"86.3843163539"	"87.5977747989"
"2017-06-20"	"2017-06-17"	"87.75"	"87.92"	"87.37"	"87.52"	"11163854.0"	"0.0"	"1.0"	"87.2794906166"	"87.4485790885"	"86.9015281501"	"87.0507238606"
"2017-06-21"	"2017-06-18"	"87.48"	"87.545"	"86.76"	"87.12"	"9997516.0"	"0.0"	"1.0"	"87.0109383378"	"87.0755898123"	"86.2947989276"	"86.6528686327"
"2017-06-22"	"2017-06-19"	"86.93"	"87.36"	"86.65"	"87.02"	"12078445.0"	"0.0"	"1.0"	"86.4638873995"	"86.8915817694"	"86.1853887399"	"86.5534048257"
"2017-06-23"	"2017-06-20"	"87.66"	"88.0"	"86.61"	"86.86"	"18711638.0"	"0.0"	"1.0"	"87.1899731903"	"87.528150134"	"86.1456032172"	"86.3942627346"
"2017-06-26"	"2017-06-23"	"87.01"	"87.67"	"86.615"	"87.24"	"10048645.0"	"0.0"	"1.0"	"86.543458445"	"87.199919571"	"86.1505764075"	"86.7722252011"
"2017-06-27"	"2017-06-24"	"87.71"	"88.94"	"87.5"	"88.05"	"15270092.0"	"0.0"	"1.0"	"87.2397050938"	"88.4631099196"	"87.0308310992"	"87.5778820375"
"2017-06-28"	"2017-06-25"	"88.6"	"90.07"	"88.6"	"89.82"	"16908394.0"	"0.0"	"1.0"	"88.1249329759"	"89.5870509383"	"88.1249329759"	"89.3383914209"
"2017-06-29"	"2017-06-26"	"92.34"	"92.65"	"90.31"	"91.15"	"27485083.0"	"0.0"	"1.0"	"91.8448793566"	"92.1532171582"	"89.8257640751"	"90.6612600536"
"2017-06-30"	"2017-06-27"	"91.96"	"92.0"	"91.16"	"91.4"	"16331796.0"	"0.0"	"1.0"	"91.4669168901"	"91.5067024129"	"90.6712064343"	"90.909919571"
"2017-07-03"	"2017-06-30"	"91.56"	"93.48"	"91.41"	"92.75"	"13207098.0"	"0.5"	"1.0"	"91.56"	"93.48"	"91.41"	"92.75"
"2017-07-05"	"2017-07-02"	"93.12"	"93.79"	"92.61"	"93.68"	"17335923.0"	"0.0"	"1.0"	"93.12"	"93.79"	"92.61"	"93.68"
"2017-07-06"	"2017-07-03"	"93.54"	"94.51"	"92.88"	"93.38"	"15886688.0"	"0.0"	"1.0"	"93.54"	"94.51"	"92.88"	"93.38"
"2017-07-07"	"2017-07-04"	"93.96"	"94.17"	"93.23"	"93.85"	"12257414.0"	"0.0"	"1.0"	"93.96"	"94.17"	"93.23"	"93.85"
"2017-07-10"	"2017-07-07"	"93.5"	"93.68"	"93.09"	"93.19"	"13907914.0"	"0.0"	"1.0"	"93.5"	"93.68"	"93.09"	"93.19"
"2017-07-11"	"2017-07-08"	"93.33"	"93.33"	"92.28"	"92.83"	"12670757.0"	"0.0"	"1.0"	"93.33"	"93.33"	"92.28"	"92.83"
"2017-07-12"	"2017-07-09"	"92.61"	"92.83"	"92.07"	"92.51"	"13513416.0"	"0.0"	"1.0"	"92.61"	"92.83"	"92.07"	"92.51"
"2017-07-13"	"2017-07-10"	"92.69"	"93.38"	"92.34"	"93.1"	"12683514.0"	"0.0"	"1.0"	"92.69"	"93.38"	"92.34"	"93.1"
"2017-07-14"	"2017-07-11"	"90.81"	"92.605"	"90.58"	"92.25"	"22123551.0"	"0.0"	"1.0"	"90.81"	"92.605"	"90.58"	"92.25"
"2017-07-17"	"2017-07-14"	"91.82"	"91.99"	"91.25"	"91.39"	"14268241.0"	"0.0"	"1.0"	"91.82"	"91.99"	"91.25"	"91.39"
"2017-07-18"	"2017-07-15"	"90.45"	"91.58"	"90.32"	"91.07"	"14532655.0"	"0.0"	"1.0"	"90.45"	"91.58"	"90.32"	"91.07"
"2017-07-19"	"2017-07-16"	"91.34"	"91.6199"	"91.001"	"91.2"	"10828549.0"	"0.0"	"1.0"	"91.34"	"91.6199"	"91.001"	"91.2"
"2017-07-20"	"2017-07-17"	"91.15"	"91.72"	"90.9"	"91.2"	"11520115.0"	"0.0"	"1.0"	"91.15"	"91.72"	"90.9"	"91.2"
"2017-07-21"	"2017-07-18"	"91.06"	"91.36"	"90.52"	"90.89"	"10763644.0"	"0.0"	"1.0"	"91.06"	"91.36"	"90.52"	"90.89"
