"DATE","COMPANY","Cluster_1","Cluster_2","Cluster_3","Cluster_4","Cluster_5","Cluster_6","Cluster_7","Cluster_8","Cluster_9","Cluster_10","Cluster_11","Cluster_12","Cluster_13","Cluster_14","Cluster_15","Cluster_16","Cluster_17","Cluster_18","Cluster_19","Cluster_20","Cluster_21","Cluster_22","Cluster_23","Cluster_24","Cluster_25","Cluster_26","Cluster_27","Cluster_28","Cluster_29","Cluster_30","Cluster_31","Cluster_32","Cluster_33","Cluster_34","Cluster_35","Cluster_36","Cluster_37","Cluster_38","Cluster_39","Cluster_40","Cluster_41","Cluster_42","Cluster_43","Cluster_44","Cluster_45","Cluster_46","Cluster_47","Cluster_48","Cluster_49","Cluster_50","Cluster_51","Cluster_52","Cluster_53","Cluster_54","Cluster_55","Cluster_56","Cluster_57","Cluster_58","Cluster_59","Cluster_60","Cluster_61","Cluster_62","Cluster_63","Cluster_64","Cluster_65","Cluster_66","Cluster_67","Cluster_68","Cluster_69","Cluster_70","Cluster_71","Cluster_72","Cluster_73","Cluster_74","Cluster_75","Cluster_76","Cluster_77","Cluster_78","Cluster_79","Cluster_80","Cluster_81","Cluster_82","Cluster_83","Cluster_84","Cluster_85","Cluster_86","Cluster_87","Cluster_88","Cluster_89","Cluster_90","Cluster_91","Cluster_92","Cluster_93","Cluster_94","Cluster_95","Cluster_96","Cluster_97","Cluster_98","Cluster_99","Cluster_100","Cluster_101","Cluster_102","Cluster_103","Cluster_104","Cluster_105","Cluster_106","Cluster_107","Cluster_108","Cluster_109","Cluster_110","Cluster_111","Cluster_112","Cluster_113","Cluster_114","Cluster_115","Cluster_116","Cluster_117","Cluster_118","Cluster_119","Cluster_120","Cluster_121","Cluster_122","Cluster_123","Cluster_124","Cluster_125","Cluster_126","Cluster_127","Cluster_128","Cluster_129","Cluster_130","Cluster_131","Cluster_132","Cluster_133","Cluster_134","Cluster_135","Cluster_136","Cluster_137","Cluster_138","Cluster_139","Cluster_140","Cluster_141","Cluster_142","Cluster_143","Cluster_144","Cluster_145","Cluster_146","Cluster_147","Cluster_148","Cluster_149","Cluster_150","Cluster_151","Cluster_152","Cluster_153","Cluster_154","Cluster_155","Cluster_156","Cluster_157","Cluster_158","Cluster_159","Cluster_160","Cluster_161","Cluster_162","Cluster_163","Cluster_164","Cluster_165","Cluster_166","Cluster_167","Cluster_168","Cluster_169","Cluster_170","Cluster_171","Cluster_172","Cluster_173","Cluster_174","Cluster_175","Cluster_176","Cluster_177","Cluster_178","Cluster_179","Cluster_180","Cluster_181","Cluster_182","Cluster_183","Cluster_184","Cluster_185","Cluster_186","Cluster_187","Cluster_188","Cluster_189","Cluster_190","Cluster_191","Cluster_192","Cluster_193","Cluster_194","Cluster_195","Cluster_196","Cluster_197","Cluster_198","Cluster_199","Cluster_200","Cluster_201","Cluster_202","Cluster_203","Cluster_204","Cluster_205","Cluster_206","Cluster_207","Cluster_208","Cluster_209","Cluster_210","Cluster_211","Cluster_212","Cluster_213","Cluster_214","Cluster_215","Cluster_216","Cluster_217","Cluster_218","Cluster_219","Cluster_220","Cluster_221","Cluster_222","Cluster_223","Cluster_224","Cluster_225","Cluster_226","Cluster_227","Cluster_228","Cluster_229","Cluster_230","Cluster_231","Cluster_232","Cluster_233","Cluster_234","+/-/="
"2016-09-19","Apple","0.0424723004551","0.053265473102","0.071624786339","0.0771588840404","0.134353754521","0.121812746823","0.0725503181466","0.0486336638864","0.0238499196142","0.0450763747441","0.0147572963465","0.0979556184681","0.0711057368736","0.0995602214956","0.0573190606415","0.0505840923161","0.180044851829","0.05113198575","0.132778017839","0.0490971053352","0.024378051212","0.0465035165835","0.0592037439347","0.0759373077514","0.033418551302","0.0401707175398","0.0232712640761","0.0695690841426","0.105150013463","0.103302774621","0.0315599729913","0.025777752489","0.125450643942","0.166484988243","0.0753825305682","0.0331217121211","0.115258274792","0.134624983792","0.0615357847759","0.0632621401606","0.126907253081","0.0775665638982","0.0533578332615","0.0315646263052","0.0698939573219","0.0879222869685","0.0587822982493","0.096568593851","0.0985916283716","0.0811139712858","0.0686293555733","0.130776302586","0.0876482716106","0.0695367525948","0.0997895836737","0.0451986042279","0.114923920116","0.0283435767653","0.111848869859","0.115080411785","0.045273685573","0.0189753194593","0.0841037122867","0.0725353308211","0.0528136732969","0.0842307934615","0.0872547852113","0.0164619635361","0.0892486580449","0.084940986435","0.142251605183","0.0629554029142","0.0464082520678","0.0552469924948","0.0765642197977","0.0716848807838","0.0249632220563","0.0853181719929","0.0692052201398","0.0393502505606","0.0307312072027","0.129612506427","0.0604039631352","0.0971042715388","0.0967830979614","0.0466335280589","0.0731487803584","0.0673934072882","0.0769751811214","0.0953051926581","0.073827132656","0.0461650286741","0.100084906391","0.068908835831","0.0534410270037","0.025011471957","0.0130700400725","0.0415962763673","0.0415190889621","0.0370632323424","0.0465374409811","0.105677619227","0.0353896989224","0.0279037658317","0.0500230056585","0","0.0741195712","0.0595593931869","0.0353855409458","0","0.00498775575189","0.0500268214166","0.021792414434","0.0149954438115","0.013662335005","0.0160540754672","0.0554857463437","0.0567347001009","0.0164824583271","0.0123301657215","0.138222983616","0.0467917545211","0","0.0527583742681","0.0298131121926","0.0146426463189","0.0476238904818","0.0506991601711","0.0634350527812","0","0","0","0.00400195581605","0","0.00992833753411","0","0","0.139165548718","0.0136767142066","0.136847220869","0.0567879644001","0.0085885522404","0.0508323131205","0.0214726297894","0.0525807528752","0","0","0.0454008946853","0.0192705895742","0.0274914763835","0.0537909996552","0.0335817271639","0.0141388186372","0.0413427642009","0.115992622947","0.044092726787","0.00882649706642","0.0266588307024","0.0588489917552","0.0054968022848","0.0184412713214","0.0621700122428","0.0665031850081","0.0622926937821","0.00875430866305","0.0336359056636","0.0630566742843","0","0","0.00781295226014","0.0119883223155","0.0395686121127","0.1075134033","0.0418511960073","0.0351499777146","0.00829728440604","0.0491427132152","0.00864993905943","0.0145231033381","0.0720458204631","0.043325521689","0.0253416023616","0.0331350300376","0.0301724911405","0.030614980305","0.0135639208388","0.025322085397","0.0424175979764","0.0164802665241","0.0495859330291","0.0262935869226","0.0241444037308","0.0481876839923","0","0.0466822806246","0.0346202782821","0.0425420506854","0.028870200202","0.028804698057","0.014943617069","0.0206686213268","0","0.063048022516","0.0966788629405","0.0159838834703","0.0124609093225","-0.00463190289773","0","0.048127554723","0.0290679776951","0.0427134916401","0.0688440963272","0.0315972628103","0.046100747181","0.0178728236673","0.0504225076315","0.043836673021","0.0607175249982","0.0138836308629","0.03372404436","0.0546827029167","0.0258925289792","0.0247334892527","0.0294136572683","0.023115264274","0.00748669834786","0.0566798470688","0.0422098346881","0.0291770800995","0.0424967051","0.00864993905943","0.0295686100904","0.0460005432773","0.0444913933395","-"
"2016-09-22","Apple","0.0403315665887","0.100010514157","0.112307096931","0.0971061018243","0.102136035057","0.078338993692","0.0757683656342","0.057727926575","0.0401498772517","0.0485602014938","0.0424675923784","0.122970110142","0.0780520585442","0.0875039972384","0.0888124250833","0.0751634736685","0.135788849207","0.034795448606","0.209726493317","0.0861922919029","0.0249801704195","0.0568025031183","0.091361498818","0.0597495196612","0.0283171142435","0.0708375768545","0.0118966442222","0.0527285372802","0.0670040601377","0.0792558776698","0.0622331183875","0.0568440444833","0.164769703142","0.176232538271","0.0963636063659","0.0686590949487","0.0838265980137","0.0842921989209","0.0765388132581","0.0892179385639","0.12212915263","0.0925123823713","0.0531849765578","0","0.0520720664528","0.135574578536","0.0779530168927","0.13698984581","0.0553278157766","0.0326766475239","0.0723931276153","0.131858584848","0.0934352723502","0.108194072719","0.0729759916462","0.0870522813219","0.0950543128869","0.0580014852378","0.104914818106","0.180337068934","0.0261646167168","0.0412562683638","0.0838819666978","0.0828542398148","0.0676515966767","0.0720737503709","0.0771943683829","0.0581988983403","0.0940740021624","0.0504559477489","0.145369902384","0.0683166585867","0.0549845669663","0.0390911614095","0.10936001252","0.068167404294","0.0538746215489","0.118975630484","0.0436022201179","0.0469884361824","0.077496565545","0.10975570158","0.103748238569","0.0966554328727","0.103461988603","0.0502493209659","0.0948800034846","0.0620596670895","0.0733992803815","0.082716680036","0.0868695432137","0.0329583098409","0.129959347134","0.138533949973","0.0286106567641","0.0316121515224","0.0306161692169","0.022494816419","0.0289991652408","0.0555269816319","0.0379602090686","0.0741846711661","0.0393436508102","0.0574776616837","0.111564330705","0.0231249742907","0.101351589921","0.0931103030706","0.0394166296276","0.0599981888422","0.0160570490339","0.0532348347799","0.0147498203629","0","0.0195612168018","0.00938331107377","0.0605378261271","0.0777219247182","0.0565498133539","-0.000201548783117","0.0807861063517","0.0283678949194","0.0295016880277","0.0717014214283","0.0437705584022","0","0.0688945281844","0.0429905643293","0.0271687174332","0.0436289800309","0.0143754207291","0.0155059659183","0","0.0143804063022","0","0","0","0.106963461067","0.02076403161","0.067069220509","0.00341705396998","0.0281088228123","0.0422130223604","0","0.03114719199","0.014647749117","0.00882312756316","0.0557288042761","0.0128800463453","0.0430592169055","0.0519348151325","0.0210563676899","0.0192297041012","0.031783157731","0.117816285027","0.0280828323191","0.0457770637543","0.0521144162371","0.0249494422047","0.0216466041708","0.0286857781845","0.0302444536225","0.0616995528704","0.0256636458289","0.0293867543753","0.0447563861367","0.0297162177374","0.0164476315626","0.0765032601044","0.0133598747169","0.0150466631543","0.012654571925","0.0513537141645","0.0618196926565","0.0598130247366","0.0165051405474","0.0636194771","0.0669621869762","0.0449760732306","0.117987060651","0.0582053093978","0.0093070258879","0.0540665841494","0.0130470962272","0.0418214968367","0.00985789733308","0.0491681682922","0","0","0.0292379791114","0.0419783341756","0.0340128249856","0.0321015237032","0.0250214873173","0.0526826773264","0.0414818824968","0.0445670531369","0.0452637363092","0","0.0118107703381","0.0165838217031","0.0198443034852","0.0227690219256","0.0323053416001","0.043344874523","0.0150875147399","0.0656168398274","0.014578631459","0.0318195396106","0.0113140437861","0.0286485672728","0.0145313514208","0.0246053184554","0.0333586817214","0.0193986127955","-5.434852908e-05","0","0.0476299964605","0.0330001366262","0.0104209850777","0.0292811882032","0.00486977419041","0.0594843336004","0.0293683682905","0.0831133365473","0.0246877316258","0.0455067695212","0.0330754319581","0.000348205356203","0.0263410902754","0.0248061023734","0.0259151853637","0.0396442708904","0.0279999189054","-"
"2016-09-23","Apple","0.0285172037604","0.0403303421673","0.0956324307749","0.110770419213","0.0937001094819","0.0575244525924","0.0902992669021","0.0267369931767","0","0.0625776741481","0.0301544490309","0.105590108054","0.0755709102598","0.125532644926","0.0540075817048","0.129303169091","0.157919952922","0.0356522578723","0.100701734737","0.0476833661556","0.0142329153541","0.0698883158208","0.0386782729944","0.0871510252096","0.0748187311076","0.057921715665","0.0773252477267","0.0425478073754","0.0312259197524","0.0994010230885","0.0725863513405","0.038482345973","0.0879006607332","0.135747182213","0.0473926523137","0.0696789984661","0.0720356039295","0.109272786215","0.0390217241239","0.0728566144093","0.10593898228","0.104452255381","0.0914179320236","0.0590596309155","0.102811105452","0.0610906888497","0.0732350960223","0.110422314916","0.0717442162693","0.0461709444944","0.0439560790698","0.110929085848","0.0622168632246","0.103855437032","0.0627209417392","0.0457988671258","0.0832733088327","0.02959339511","0.0315837341482","0.169208718139","0.0146801426818","0.0448139826044","0.069824556565","0.136082935292","0.0450558736011","0.0959283190992","0.0427925504673","0.0277657488221","0.0634875417987","0.0160930908813","0.0580548997252","0.0645848707647","0.0681144644689","0.0588964819062","0.0130629188515","0.0532053281747","0.018200655808","0.0509902421285","0.100951525584","0.0298895891968","0.033335156521","0.110737204057","0.0703513848415","0.0860638206299","0.105131154875","0.0451075862585","0.0494084641303","0.079367629369","0.0882357739494","0.141661159337","0.0865627914399","0.0331955956018","0.054209032461","0.134701948672","0.0137407695263","0.0137889823463","0.0166307627512","0.0142358657718","0.0454115553917","0.0455205125035","0.012454419455","0.120087959782","0.0333795734262","0.0784554781554","0.087397524863","0.0284311016982","0.119223004125","0.063474710569","0.0463323397787","0.0437064345494","0.0147735067819","0.0304408396926","0.0563633910542","0.0123559734921","0","0","0.0471775661346","0.059127893576","0.0109057273383","0.0419668339366","0.0990454771656","0.0538662843617","0","0.0484582537547","0.0490725914189","0.0138510177611","0.046002914831","0.044980385276","0.0524692707328","0.0309687532461","0.00450150474894","0.0151435607559","0","0","0.013464344577","0.0142628417285","0","0.0966032458692","0.0262785005368","0.0640646147388","0.0807851346683","0.0141687927354","0.0471479914147","0.0427158099718","0.0152204416627","0.0101465816047","0.0307379494625","0.044133055093","0.0465834068752","0.0456209746215","0.0456692431544","0.0405084886398","0.0425158110034","0.021116511858","0.0875348717242","0.0314042907794","0.0542108851146","0.0743722190909","0.0414796521966","0.0524737119694","0.0245914486759","0.0481406535747","0.0694968549993","0.0118772656847","0.0291500319076","0.0256701007309","0.0326603111717","0.0294384763038","0.0293011061725","0","0","0.0412919494777","0.0716815967754","0.0721639912026","0.0301681640054","0.0438858543185","0.0402628048636","0.0451417841909","0.0445865090562","0.0369758067886","0.0435510786791","0.0456483069757","0.0475102908099","0.0552270235169","0.0229663529177","0.0152421814245","0.0342976968288","0.0584357782129","0.0276821847668","0.0569980465276","0.0572864485946","0.0740939340496","0.0121918826142","0.0310188361068","0.0330102958281","0.0851622933951","0.0563245741401","0.00627470901436","0","0.0292413164183","0","0.0134393033878","0.0425406580024","0.0419896389235","0.0166051185714","0.0368160589376","0.0157555449489","0.0139216054163","0.0734540622025","0.0146046709204","0","0.0164975572481","0.0264561428084","0.0116559236371","0.0538800919179","0.0595836344014","0.0299899325298","0.025943550061","0.0376265851374","0.0147981186872","0.0457120555426","0","0.0593082508257","0.0689850283391","0.0166340611714","0.0408477724561","0.0708362491295","0.0309945458859","0.0227714324131","0.00370640201962","0.0157115210499","0.0486718973093","0.0283367428751","0.0269337785093","+"
"2016-09-24","Apple","0.0645249816748","0.0647423679241","0.0923667122463","0.0450117978799","0.0701171216144","0.0885508008667","0.0622883112512","0.0315231070536","0.0323215832857","0.0482683209265","0.0351001873593","0.0822187017697","0.0793515022485","0.105530467055","0.0640815192757","0.104647415584","0.13444207617","0.0403261972672","0.111310076891","0.0453297754917","0.0049884194923","0.0912731229043","0.0673107398165","0.0464523851408","0.0227935784574","0.0311633320301","0.089690800125","0.0619134175691","0.051804335168","0.117243344921","0.0410825450434","0.0199708526614","0.0921436405678","0.140956795011","0.0642744229257","0.014048735077","0.095839954123","0.099004644084","0.0253621453457","0.068127514455","0.10989723519","0.0673825283894","0.0577200325127","0.0259196016596","0.0930797506812","0.0885788577943","0.0800096283079","0.0923539137252","0.0713836283546","0.0612417066372","0.0429113789382","0.144857193261","0.0877596143749","0.0636587231975","0.0954926773328","0.106534333777","0.106030973585","0.0137431847536","0.104245609611","0.131029240763","0.0520128224634","0.0516632796685","0.0104770872521","0.0640243454037","0.0432697769786","0.0700042482433","0.0613800603164","0.0258250922987","0.0521608693225","0.0602124291207","0.136017502451","0.0526430360225","0.0467581036878","0.0404887804082","0.00980263515737","0.0319856719792","0.0403486991351","0.0868027769314","0.0715937339482","0.00836502526337","0.0689304508813","0.0851783072853","0.0260702398909","0.0642927718534","0.0819338380195","0.0720367863632","0.0561246770276","0.0631679966354","0.0680449314963","0.0776067384398","0.064478786151","0.084345205335","0.103766907947","0.0621944715086","0.00707613783774","0","0.0292124103707","0.0264824676678","0.0164924540243","0.0356752660288","0.0328132172476","0.0450378523171","0.0111600055245","0.0541556295724","0.0354945888847","0.0174705270059","0.0579892065271","0.0442712691272","0.0103638428684","0.0256878837737","0.0159074745975","0.0473892008848","0.0382517105769","0","0","0.0302887430862","0.0366486224815","0.0615906475919","0.0185242186586","0.0202309079606","0.070855869778","0.0316686419995","0.0124958820443","0.0641491603535","0.0344513004502","0","0.0630411146322","0.0191999266762","0.0744545112969","0.00503641155115","0.0223445090451","0","0","0.0111305319783","0.0121128291541","0.0120000636596","0.0105400009809","0.0605470975235","0.00888791907969","0.0975639097196","0.026348900544","0.0501515053819","0.0149923004026","0.0148759917446","0.0137653164362","0","0.00905985298158","0.00716384269216","0","0.0424984449528","0.0182124121323","0.0243537281568","0","0.00703107885182","0.0771459756483","0.0534274005457","0.0149384837921","0.103121408076","0.0500991444891","0.061714305624","0.021131277485","0.0498661174115","0.0545777297023","0","0.0138154814309","0.0138734517287","0.0299245647096","-0.00143138867742","0.0268565612683","0.0105776983186","0.00713511159135","0","0.0500993630189","0.0740479481761","0","0.0153025716635","0.0316621994989","0.00530474607413","0.0535423814663","0.0999163819942","0.0569261562831","0.00751051555772","0.0276531587479","0.0264164254178","0.0327611277033","0","0.0202491251378","0.0254290272303","0.00817026225131","0.0271333755316","0.0156784124026","0.0589817088365","0.0134954266041","0.0194665365897","0.0249886334884","0.022777151153","0.0277361885724","0.0148843463086","0.0090459631089","0.0382478380727","0.0146575079277","0.00530474607413","0.0363548564693","0.0675677324426","0.020086555558","0.0390796389327","0.0249677158912","0.0216100220578","0.0583750754786","0.0406219862034","0.0198732826345","0.012597641346","0.0142383626578","0.0293493379905","0.0128098212022","0.00721307923987","0.0158737069433","0.0416541129786","0.0167635047883","0.0186815892632","0.0386224725039","0","0.0297978214549","0.0249486062345","0.0333997184833","0.0289533777963","0.0305579653104","0.0633167025904","0.013020921075","0.0511549213877","0.0045072285642","0.0311981107173","0.0646630459988","0.0154315077525","-"
"2016-09-25","Apple","0.0481063056078","0.043321793184","0.049455899423","0.0864803103509","0.0773709438382","0.053891004195","0.0857507254668","0.0759148195851","0","0.0456961270055","0.0354847950294","0.104001933908","0.0870826360634","0.0927982299629","0.0948842913268","0.0896731504149","0.117923487717","0.017804956353","0.145090801154","0.0619002769949","0.0150391038759","0.0535011443151","0.0930393190963","0.0747082673944","0.0302140302858","0.0646249403916","0.0383016835717","0.0558762861625","0.081495576996","0.0961922015096","0.0608766342851","0.0148719775664","0.0827627771627","0.138119156045","0.0559756034204","0.0141955589461","0.0422856673854","0.100509607296","0.0717727498655","0.0452763468132","0.135183541599","0.0514309687178","0.0830721839455","0.0340938468931","0.0571850230179","0.122856590391","0.0790022085898","0.112077923192","0.0360762200563","0.0586774351311","0.0299295018611","0.105274940653","0.0804434134723","0.0709508797635","0.091736717863","0.0670226853714","0.11726629952","0.0667535561844","0.0639390822032","0.139507341811","0.00832997610493","0.0492803895182","0.0569285676369","0.0705728263846","0.0283928777215","0.0838215116701","0.0827198492703","0.021542376587","0.0755857940372","0.0686990895946","0.102973834646","0.0670645182586","0.054879248587","0.0398046894242","0.0363185195809","0.0620179227215","0.0419095894976","0.0797766441626","0.051155450858","0.0118676813201","0.0997510159144","0.0811329499435","0.0147600710087","0.0905465582808","0.0973949586958","0.00722094270727","0.0654885346744","0.027741811311","0.0678584325214","0.0837391688756","0.0690192522725","0.0331475123516","0.113243122371","0.0850920968029","0.0113971413202","0.0106818050856","0.0449574676431","0.0177931697133","0.0395327046866","0.0209622374719","0.0341362462367","0.0825612638358","0","0.034878823429","0.0229294733904","0","0.0481835051353","0.114158896896","0.0164929370517","0.00649452665763","-0.00583017651413","0.0820976854156","0.0293414589284","0","0","0.0150403332503","-0.000761292636875","0.0854720938807","0","-0.0138891486116","0.0396696782342","0.028374688693","0.0286111710526","0.0851350557588","0.0503612308976","0.0123532762091","0.0588274981464","0.0181550787768","0.0283936597576","0.0335297606756","0.0147066395245","0","0","0","0.00834118165372","0.0101382881521","0","0.0571517020152","0.0651946441071","0.0924241847856","-0.00686198981367","0.035999462712","0.0423845781327","0.0355312638989","0.0129280413682","0.0120996213444","0","0.0126913395484","0.0108749336324","0.0157566770503","0.0196015059964","0.0145496191339","0.0369376146375","0","0.0777262325707","0.0291051221815","0.0127521090833","0.0536657056321","0.0704453805986","0.0215845070054","0.0147097214284","0.0356666476836","0.0458082047112","0.0287720174854","0.0113983557931","0.0223587332432","0.0208971824681","0","0.0513800953912","0","0.00624797888262","0.0267316742339","0.0393198319053","0.04144739717","0.0549530666861","0.0510577174924","0.0101258731833","0.00517953952949","0.0330542563537","0.0713067981584","0.0259966480997","0.0142923176595","0.035538194121","0.0132566927488","0.0283773241778","0","0.0320466686917","0.0292162901244","0","0.0313867374299","0.0470140890069","0.040113839914","0.0399721542806","0.0142841667475","0.041168430968","0.0190744718081","0.0290360319297","0.0334376064284","0.015140746494","0.0226807738932","0.0307839390097","0.0191106541447","0.0123532762091","0.0640073083771","0.00925753589309","0.0113971413202","0.00955416744273","0.0123434660086","0.0583659639713","0.0130617450169","0.0470112834191","0.0160400843669","0.0179610341109","0.0141592926873","0.0133566535569","0.0312731199467","0.0127521090833","0.0594722468555","0.0418574100137","0.00550653693978","0.0277868099246","0.0214055705918","0.0466396449119","0.0419694278668","0.0166348488487","0.0292149558991","0.0384546444236","0.0590899926152","0.00819824829695","0.0126341951295","0.014205799976","0.0226600065955","0.060500337745","0.0264265662565","+"
"2016-09-26","Apple","0.0145426618689","0.0911643499312","0.0884543234479","0.111138995461","0.177481709746","0.0700817649385","0.111951160253","0.0328080136194","0.048501128955","0.0679471838675","0.0744948078192","0.095160529101","0.0847156972265","0.0466168332892","0.0682846647424","0.0825834561419","0.121301156206","0.059484690027","0.159069375969","0.0816266337755","0.0236725340227","0.0850235264717","0.108168663168","0.0934418030704","0.0503726048544","0.0698378786852","0.0343302850649","0.0731551660445","0.0910946423737","0.141176495223","0.109329565208","0.0427976878341","0.13333293059","0.165450663133","0.070898201308","0.0502550928916","0.110841417395","0.13781071107","0.0573150908969","0.073863072303","0.110800788847","0.0953457895355","0.0937899036183","0.0556467418149","0.0959433811874","0.109871015081","0.0912354794673","0.135340005133","0.0789637743711","0.0563887709201","0.0743364933263","0.116080395322","0.0937757541745","0.107524131256","0.114078636728","0.0362048146203","0.132216368675","0.0969271222646","0.107301298092","0.168919084171","0.0408404664653","0.0897971614343","0.06543017707","0.169624592301","0.0702840100247","0.11445483503","0.0960545778112","0.0629770649073","0.0720099405454","0.0792724073822","0.121811796808","0.0407722981233","0.0713786858266","0.0544035023594","0.0301785571903","0.066322381769","0.0457083252094","0.0910149446863","0.123906138294","0.0108643511173","0.0792198833434","0.0985421052996","0.0584936641359","0.134302269361","0.119344292604","0.0434815034953","0.097143457207","0.0440653886908","0.0671294697981","0.0818641140154","0.0668778501286","0.0329934174004","0.0795437539266","0.0981852821521","0","0.0120821454297","0.0247986057","0","0.0456744703527","0.0707441945714","0.126491724722","0.12887126895","0.0307611272901","0.0847788182011","0.103344340934","0.0276016004885","0.101648441816","0.0772466348704","0.0370448716172","0.0110214032157","0","0.0375994328462","0.00820267949665","0.0228863412465","0","0.0145272272781","0.0362439977585","0.0498062019273","0.0120912803485","0.0580919270072","0.091883387606","0.0555793403428","0.0683555133801","0.079483988494","0.0340730351719","0.00578638346088","0.0757664004872","0.0661697628117","0.043297788669","0.040402803366","-0.012276485998","0.00644882515243","0","0.0148104814524","0.0291637314326","0.0147232453083","0.0247266347543","0.111739647261","0.0273135255053","0.109511907227","0.0581784124459","0.0158550848359","0.0466536911228","0.048927730506","0.0877780391817","0.0289517461991","0.0390343123812","0.0274953591168","0.0125331570747","0.054587169448","0.0663971720249","0.0360433968365","0.0113638600689","0.0109665264313","0.139290553985","0.0271086158447","0.014224157458","0.0933205749624","0.0530834429666","0.017989777108","0.0567289870763","0.0669569744372","0.122613735595","0.0307010884127","0.0362169247851","0.0490018569921","0.0613582690726","0","0.0304756844547","0","0.0204260123609","0.0567901612253","0.0646746222244","0.0953739882677","0.0386338440312","0.0397693262309","0.0690581013818","0.0599316909227","0.0504126643564","0.0689769420707","0.037250046219","0","0.0731534264455","0.0544477099537","0.0698056228594","0.00941960375821","0.0460724032669","0.025179611793","0.0115939144808","0.0895589061186","0.0607655293066","0.0603685783034","0.0156375759647","0.0596881599849","0.0480760030806","0.109862557762","0.073430293904","0.0335904930702","0","0.032842613359","0.0130217330583","0.0188295987676","0.0393161911036","0.072578534607","0.0633606822616","0.0244891534768","0.0174720937711","0.0292315955804","0.0583978257175","0.0313411575534","0.0137799030314","0.0158153581851","0.0468353426698","0.0247669681047","0.049374464646","0.0528269383621","0.0170434074955","0.0410222871596","0.0548531400649","0.0287643954239","0.0771606204392","0.029913750755","0.0522287796032","0.0473764942076","0.0623594055238","0.00157682661704","0.06023562884","0.0579547243286","0.0303687383422","0.0138357893785","0.0294894502497","0.0546565094155","0.0690597169549","0.0647127818074","-"
"2016-09-29","Apple","0.0372161130014","0.0853652793089","0.0466861695953","0.0857515368011","0.0723503842343","0.0412228441497","0.0857880537696","0.0322407871577","0.0227745173823","0.078643155648","0.0452811377905","0.0837241228182","0.0806242675545","0.0842541651067","0.0326444852963","0.0739962264357","0.138877285057","0.0678532732938","0.187983742511","0.0309659273664","0.0273300346724","0.127392752327","0.0795807896055","0.0982600460111","0.0564357383078","0.0446331185451","0.0817968607842","0.0930070063576","0.184533092761","0.0896256738534","0.0658210292869","0.0276678765247","0.148124053626","0.148680588268","0.0892600228532","0.0686856214432","0.118941346076","0.102103043709","0.0801969789349","0.0461502406521","0.177747474562","0.0998712472925","0.0258081476295","0.0838511584286","0.0292078447783","0.091209616342","0.0704417273786","0.103319606889","0.0278370917155","0.0799916309496","0.0811582041488","0.100173010788","0.114713212722","0.111284320104","0.104001501201","0.0614965213115","0.102203235551","0.0350046349512","0.17773509682","0.18137506557","0.0135721645102","0.0679783299529","0.0927028529527","0.0836945362123","0.0699658171105","0.105924717501","0.112715924161","0.0643379442475","0.0757262278204","0.0967855242465","0.117031258398","0.0407593718834","0.0468944560062","0.025829981304","0.0992793595459","0.0826633672456","0.0496578327188","0.11338684419","0.0913201408553","0.0263950476615","0.0326260122203","0.0963821726787","0.0544490275337","0.114627841831","0.0579874432684","0.0408957927909","0.0648187034935","0.0622319562274","0.0569532699465","0.0461612816538","0.0889581263901","0.0896928918391","0.084884654569","0.0863451232336","0.0426628227598","0.0134031011933","0.0344783887142","0.0202966639607","0.0321587491113","0.0232859645605","0.0569599894671","0.0939919955507","0.0450452042114","0.0541998772699","0.0375380050093","0.041718161135","0.0828294113573","0.0852429077557","0.0390062250515","0.0389206811508","0","0.0696984752503","0","0","0","0.0136155481861","0.10624441283","0.028904557965","0.04289062554","0.031182760062","0.104969889806","0.0638825154371","0.0138453724274","0.0805036550871","0.0113047042163","0.029182590834","0.0641701118631","0.0299544776476","0.0526461389053","0.0251127006732","0","0.015623632111","0","0.00810371295176","0.00484627781192","0","0","0.124087318337","0.0150130683993","0.121581161951","0.0274193433833","0.0068001020733","0.0367241688673","0.0136661717556","0.0638510605057","0","0.0306166862097","0.0727726618941","0","0","0.0527058604932","0.0286303025095","0.0550028718367","0.0292017656244","0.135978588225","0.0165867083637","0.0219647719213","0.0553264228498","0.0507331979056","0.0434471071952","0.0246730070366","0.0140733200628","0.0975714751937","0.0302847593307","0","0.0228581107241","0.0591282924351","0","0.0101825839672","0","0.027906305711","0.0372832469009","0.089616001005","0.0626356544012","0","0.0418166564228","0.0284253862951","0.0370628301834","0.02615376505","0.0505420897697","0.0445578448578","0.029173345311","0.0293259486501","0.048142321522","0.0408464709261","0.00759499695","0.0411918680707","0.0228506576023","0.0401722805937","0.0659805589613","0.0354118248202","0.0594186921901","0.0464670166332","0.0358358000019","0.0421944483307","0.0798397632194","0.065810895726","0.0430086037691","0.0309291298359","0.0511412420965","-0.00610208936258","0.0155940059845","0.0614228586412","0.0777243790387","0.0350054147059","0.0265395145626","0.0281284669147","0.0255909489186","0.0631267236901","0.0305753519691","0.0229146055227","0.00568165367252","0.0419495325768","0.0415489142277","0.0384877154121","0.0823370094969","0","0.0413104721673","0.0124554386194","0.0315193593825","0.0917866581736","0.0416192062056","0.028746564571","0.0303041098595","0.0317185730793","0.0151126851104","0.0452425289812","0.0410993288782","0.0246403898342","0.0332627750777","0.0384000869415","0.0461809605409","0.0432761776545","0.0313974689223","+"
"2016-09-30","Apple","0.0381946083882","0.0877262887395","0.0932231432398","0.0868639309569","0.0788287148043","0.0402070077334","0.0629223568749","0.0574109973867","0.0384635317261","0.0678302069999","0.0418291115913","0.126774162038","0.0609367527152","0.115719068967","0.0620894954386","0.0989352013743","0.143631397372","0.0341891942796","0.141145384645","0.0427712535438","0.00421867239254","0.110361320726","0.107274448605","0.0399241967732","0.0457657300147","0.0559222492756","0.0202681640755","0.0536260197049","0.0955217454637","0.107022273243","0.0941087801345","0.0846315088424","0.12575841679","0.168465151036","0.0682109720381","0.0721292318665","0.0551536759645","0.123859386414","0.0692887515794","0.0526640312379","0.127097074905","0.04919332661","0.0533587572874","0.059831950891","0.0718430740062","0.100388152936","0.108141502442","0.118029348879","0.0218826587963","0.0911151064895","0.060151939565","0.0952748379234","0.0921463586442","0.0708086947865","0.139747345556","0.0533466816425","0.162648094439","0.0316287234982","0.0814536435457","0.18634074706","0.0144855423853","0.0718788004","0.0794315864764","0.094596733864","0.0638373160428","0.0977805570166","0.0541684218506","0.085954285319","0.0689512839387","0.0767487459655","0.115501356618","0.0852899717955","0.0463991923488","0.0363647928416","0.0325112336537","0.0818979059874","0.0432092729208","0.0835896655623","0.0987902349494","0.0292221453378","0.0486474698425","0.0622999110831","0.0497368184417","0.0993724882113","0.0433315404498","0.0490504160377","0.0460056105311","0.0650427794451","0.0733681845555","0.11690589666","0.0788144930606","0.0532595960435","0.0780267947633","0.0788641949529","0.0107331490772","0.0219463925574","0.0472692074241","0.0137945503465","0.0293505125609","0.00865856434229","0.0468358293562","0.0317078361792","0.0105361462128","0.0492253966193","0.0459993771687","0.0435969168308","0.0732809425558","0.0810541503155","0.074126444285","0.0117495898931","0.0162117030732","0.0842153831039","0.0293644890502","0.0101430709443","0.0373839656671","0.00749020364181","0.0419034987352","0.0615949139492","0.0128462255963","0.0123256138848","0.0947690831493","0.0262673574183","0.0526601842246","0.0758221758702","0.030757077473","0.0259907922401","0.0593316175285","0.0486649254493","0.0454764986556","0","0.0248898894004","0.0143671556709","0","0","0.0303768588988","0.0124955209824","0.046052931984","0.090650208808","0.0525869747202","0.116484137623","0.028064126973","0.050508667196","0.0376666596273","0.0169451447202","0.0189379312547","0","0.0174917419597","0.0121298865426","0","0.0310225967133","0.037836682386","-0.00577003870684","0.00185183014045","0","0.0820983378108","0.0296006936893","0.0461032120567","0.0454681960037","0.0688001277279","0.0334530171103","0.0170126142174","0.0309176009587","0.0339066462968","0.0640071893201","0.0371932330155","0.0465988491263","0.065290511013","0","0.012795452823","-0.00283823414195","0.0250338139262","0.021751685537","0.0875505782341","0.029719622416","0.0109797944392","0.0146894142138","0.0410416807353","0.0145322044665","0.0602659442344","0.0286678541781","0.0304013417065","0.0290299675625","0.0491616281085","0.0571258787465","0.023014047028","0.029415739787","0.0305171432456","0.0148062420188","0.0358381454258","0.0392651577142","0.0310236412686","0.0234846067481","0.0340199189004","0.0126282287499","0.106578131474","0.041182295088","0.0358557555897","0","0","0.0357818737203","0.0121837139464","0.0431403876915","0.0278335443068","0.00228884369809","0.0252310216936","0.015347302005","0.026226455732","0.0260707941002","0.0300720398649","0.0383206801192","0.0218821734422","0.0285245477915","0.046277753843","0.0149711126833","0.0353077509503","0.0355292853662","0.0392959810182","0.0201705033431","0.0399749451863","0.0142679790073","0.0286884951565","0.0320018740901","0.044600271327","0.0220056791988","0.0288405554075","0.0128102385743","0.0345361503364","0.037313746133","0.0101430709443","0.00799175442702","0.00994170086763","0.0486628187758","0.0889408897858","0.0207629105422","+"
"2016-10-01","Apple","0.0125327685664","0.075378892028","0.0574132561278","0.0654600717252","0.0730975755156","0.0548423244078","0.0641920000977","0.0401756403551","0.0289564267383","0.0322305123074","0.0235646332245","0.104828858735","0.0851913024312","0.0770470404796","0.0619559438143","0.0613327986425","0.123696344615","0.0184019930666","0.0986553956676","0.0228412631629","0","0.073500281018","0.0846350472577","0.0373365824247","0.0286278426872","0.0328522910106","0.0238082589854","0.04787249637","0.0451314180678","0.0865154018933","0.0299929608129","0.0231210668198","0.138043669759","0.157551389545","0.0542010620548","0.0556592186655","0.0793841767585","0.0985913128827","0.0276819592759","0.0482557940669","0.113031624907","0.0655361233687","0.0631856113865","0.0210477834922","0.0380454768147","0.066240725619","0.0643712405063","0.0469991126041","0.00687467328862","0.0326251421559","0.0300011853499","0.112727687445","0.0762796413167","0.0804624539448","0.0722315115487","0.0647370588439","0.0822461905107","0.0392619715559","0.0378451022484","0.102359502821","0.00806186710974","0.0619988790248","0.0473056866894","0.0804374649215","0.0683464213505","0.0776909954285","0.0722593075589","0.0291848211169","0.0375937914239","0.0418556800497","0.0910983390391","0.0386325869172","0.0395584828626","0.00866919015684","0","0.0544476614073","0.0397698084655","0.0761182554126","0.0516854942338","0.00017977623915","0.0708241585334","0.0846902144767","0.04627235391","0.0504351574892","0.0969393404647","0.0289993853351","0.0335008619969","0.0528742601906","0.0840846986992","0.0438633404683","0.0195161587228","0.036700075816","0.0259542165628","0.0912003208549","0.0187632169229","0.0153517566027","0.0220724564914","0.030331031371","0.0472131698253","0.0110227947777","0.00551083981457","0.0488263725675","0.0102576803075","0.04797965077","0.0442342491988","0.0166491224474","0.0791117913086","0.0753779397481","0.0226149070538","0.007111108482","0.0219862851255","0.0411808116665","0.049945638628","0.0165598864384","0","0","0.0104791146503","0.0269461173809","0.0400887048015","0.00773930956076","0.0318798915188","0.0214665275453","0.0117001120079","0.063823040358","0","0.0339148469783","0.0345776006356","0.0395249084227","0.0426003147418","0.00718351623024","0","0","0","0","0.0120259970057","0","0.0388724773008","0.0659429173451","0.0106959439417","0.0912296012527","0.0163712802173","0.010869433747","0.0291202412694","0.0291923411371","0.0113452631153","0","0.00989735552081","0","0","0.00601568397474","0.0464868670489","0.0488301413867","0.0219097177717","0.00917882533156","0.0167658599067","0.0292388330655","0.0494998523134","0.0433233230308","0.029837106822","0.0239118576575","-0.000649576485586","0.0155785141416","0.0663618860298","0.0272692090592","0.0222099303318","0.00147626764077","0.0261513280726","0","0.0296450287942","0","0.0223932295604","0.0303355817269","0.0281859314685","0.0586973802937","0.0120931169915","0.0471969532508","0.0227631006626","0.0140011112866","0.0116041623051","0.0660374415766","0","0.0146362170827","0.019940476878","0.0194593507938","0.0584346240548","0.024335707059","0.008948665586","0.01034003645","0.0140665321666","0.0410457390218","0.0457974002711","0","0.0197717416317","0.0114042062832","0.0202405647045","0.0245450730887","0.0225667790443","0.00865016092206","0.00340620290572","0.0220521169499","0.00784325677462","0.0295490806963","0.0374741221895","0.0376315431002","0.0138785264856","0.0273115538221","0.0373191360497","0.0236464202803","0.0573157436277","0.0375037469644","0.0207800599954","0.000728918349686","0.0350837326352","0.0303740069461","0.00500802833437","0.0326017392658","0.0372720695143","0.0118367517087","0.025034496658","0.0148902414999","0.0508333545418","0.0182789877934","0.0208769880981","0.0407507381802","0.0287016725554","0","0.0256424730935","0.0445615204488","0.0175117483015","0.0202240065302","0.00889792181982","0.035657480291","0.0463623695612","0.0200084747449","+"
"2016-10-02","Apple","0.00753122853008","0.0106543909321","0.015545610261","0.0188566800848","0.00957225803242","0.00680263132984","-0.000876373350793","0.00401189405958","0.0031234873495","0.00538849022954","0.00522772106628","0.013677218928","0.0350413039626","0.0229533570393","0.00955470834506","0.0292735287119","0.0112037735822","0.00859707990703","0.0362646906376","0.00688186024004","-0.00100025084153","0.0106637758911","0.00698622747659","0.0100481388275","0.00105757573174","0.0242679481948","0","0.00397814709704","0.00272312990052","0.0232365143376","0.005293607163","0.00721428784938","0.0268078133155","0.0324015939074","-0.00235557175883","0.00247337219534","0.0149499130583","0.0127296498171","0","0.0119180005705","0.0443271727442","0.00828536193844","0","0","0.0047228002186","0.0197176949452","0.0102745999606","0.0118592031204","0.00398534454988","0.00775063488869","0.00783447815261","0.0222838284534","0.0201211110312","0.0103809597362","0.00398669493948","0.00863588797546","0.019852431139","0","0.00878731073817","0.0401383563222","0.00150477490169","0","0.00806749620113","0.0163144748427","0.00769458242396","0.0524202901085","0.000762097068602","0.0145334727761","-0.0029105434293","0.0104220982792","0.0244461582689","0","0.0117090276952","0","0.0127673577011","0","0.00294888083827","0.017666062368","0.0149702202314","0.00478122931718","0.016666166932","0.0176819737808","0","0.00694564139886","0.0135147267874","0.00306309596578","0.0059845198137","0.0371140668976","0.00925705857718","0.0181263973908","0.00301840022199","0.0228251466548","0.00148011384867","0.0160544803374","0.00168978574782","0.00162871797958","0.00147849566609","0.00213730530499","0.0108708789761","0.00206925650507","-0.00137665383371","0.0154116807442","0","0.0122627262271","0.00435737310546","0.00210919330163","0.00305713240349","0.00208228126574","0","0","0","-0.00104497793136","-0.000830478606988","0.00897672079714","0","0","0.000800947080236","-0.00108209589616","0.00905952965154","0.00189762461063","0.0063471342658","0.0103983757499","0","0.00579014995941","0.00365830986134","0","0.0115084981735","0.002949240355","0","0.00374267826835","0","-0.00214638778957","0","-0.00300222249004","0","0","0","0.00598174315681","0","0.016745902232","0.00228397507773","0","0","-0.00175816376533","0.00105410371851","0","0","0","0","0","0.0163867661028","0.00266428187922","0","0.00746721308891","0.000733980447322","0.00336395312888","0","-4.11495253447e-05","-0.00315598884458","0","0","-0.000272824829242","-0.000670333968216","0.00447498833108","-0.00335572803358","0.00249535597041","0","0","0","0","0","0","0.00778934924156","0","0","0.00305713240349","0","0","0","0.018338092065","0.00496422505434","0","0.00502583119911","0.018416315211","0.00213730530499","0.00166457904067","0","0","-0.00184166941913","0.0134509677893","0.00228397507773","0","0.00447498833108","0","0.00837899025382","0.00601832877286","-0.00089338874649","0","0","-0.00296457916439","0.00210919330163","0.00655853581935","0","0.00213730530499","0.000304908368672","-0.000830478606988","0","0","0.0103483309555","0","0.00316446878174","0","0.00620792576261","0","0","-0.00127564376387","0.00198653692858","0","0.00494253041086","0","0.00419185322099","0","-0.0013775729378","0","0.00290045355358","0","0.00350663193035","0.00290045355358","0.0064160173897","-0.00108262125701","0","0.00812401558524","0.00370345864308","-0.00422488411887","-"
"2016-10-03","Apple","0.0571792352628","0.0615880724273","0.0629339282362","0.0627531883242","0.123156497269","0.0467864395555","0.0723387504116","0.0466300730107","0.0584726316439","0.0882419288157","0.0484619980622","0.118922039374","0.0885362106799","0.10137746305","0.0887439859937","0.119590146266","0.124227520252","0.0420253517671","0.211861783792","0.044136601751","0.0248208027551","0.0815592797878","0.101426867054","0.0740952054313","0.075872447989","0.0551640518496","0.119223775122","0.0442624899736","0.0408245796372","0.0821191634675","0.088143767386","0.0547081502438","0.161353762411","0.166324254903","0.0719400890707","0.0747877277811","0.0852849447624","0.126922158299","0.0980094743542","0.114482442666","0.126379956239","0.0596089512969","0.0695195389143","0.0585387957201","0.0767810334286","0.0866417740454","0.12358911127","0.0769377192579","0.0427944865396","0.0654076259906","0.0913534678546","0.111700271039","0.0729973641582","0.125692792952","0.1191833334","0.0595700657323","0.124144962","0.0730023314707","0.1105538054","0.156111102202","0.0232613054326","0.0944255732422","0.0953175771569","0.0609341769524","0.0697514879993","0.109039596488","0.119574606919","0.112284213315","0.0919643990729","0.0718868116239","0.120394172715","0.0524755932131","0.0640008631848","0.0202494357613","0.0346527837024","0.0762828968243","0.0742054054435","0.0670914538638","0.0758811606432","0.0420815087656","0.0858686621601","0.104122431472","0.0674519190325","0.115394142597","0.0735998118404","0.0596684161293","0.0605881374745","0.0477209420557","0.0603214317035","0.0780534291531","0.0506230582431","0.0638605159374","0.0497121697478","0.0895415069355","0.0322799916937","0.0152375255577","0.0144387563776","0.0286696033329","0.0450525632356","0.0285854230756","0.0425430808113","0.0953556636712","0.0414732141428","0.0761853039385","0.0712115760359","0.0256144973702","0.0417012834792","0.108259792357","0.053742510837","0.0435162195405","0.0280225854973","0.0678531721644","0","0","0.0151234419173","0.0276912747487","0.0102642773962","0.0427823421769","0.0104879800068","0.045788018319","0.0915296586941","0.0580044491424","0.0282062235377","0.0473447624895","0.0160654743623","0.0158656562968","0.0699683660348","0.0186278372538","0.043386610913","0.011977085867","0","0.0255088392949","0","0.015124856208","0.0265843361941","0.0272355062904","0.0299061646767","0.0957571221119","0.0565685316437","0.102867367679","0.0168630377245","0.0176081827345","0.0135412362173","0.0229245172705","0.0129810928601","0.0129707946708","0.0249037562238","0.0315283106256","0.0240395277997","0","0.0599525094034","0.0235595260964","0.0519580258069","0.0299893093476","0.0762006207233","0.0404968627107","0.010651060924","0.0608480890148","0.0435144133245","0.0428606505863","0.0520753388418","0.0157796251011","0.0672311265142","0.0529026343979","0.0128879018261","0.0535710731176","0.0902616668099","0.0157694959762","0.0156118954202","0.0291038405141","0.0384586578621","0","0.118645840569","0.0841277077593","0.0275899219614","0.0448374518105","0.0373032010527","0.0370641461238","0.0432700260075","0.0323244268334","0.0611041808062","0.0157694959762","0.0178550519762","0.0380271005556","0.047184311688","0","0.0155103498382","0.0636854023009","0.0405322284271","0.0610106771275","0.0620089431807","0.0551369919812","0.0157064916799","0.00986033311525","0.0616013719148","0.0112446640914","0.0520719260985","0.0133215851134","0.015766793947","0.0270746186089","0.026900083943","0.0291448962235","0.0775465563609","0.0389249912821","0.014544634272","0.0231427327938","0.031243066538","-0.00540154377382","0.0628595400031","0.047438756819","0.0623925730119","0.0142012884008","0.0318628672975","0.0151130207439","0","0.00833242414632","0","0.0183358260868","0.0322110750398","0","0.0665901837944","0.0156150023323","0.0498426949245","0.0156052491197","0.0563713034475","0.012854236599","0.0322298281774","0.0323001195362","0.0596142539457","0.0617831210461","0.0310412963361","0.0274101012255","0.0725703016029","0.0661847997975","+"
"2016-10-06","Apple","0.066714328648","0.0579864331802","0.0919923726356","0.0584872699926","0.170870949993","0.0553486160821","0.0566305817015","0.0377756860953","0.0157502621324","0.0648663866856","0.0162983265453","0.10888455125","0.0942033098374","0.114123362662","0.0913373650195","0.119558306158","0.120681556775","0.0421060277796","0.159728913488","0.0324737329905","0.0484256252982","0.115416598627","0.117506932337","0.0864711088431","0.0151576575749","0.0881036681727","0.0672956726853","0.0555581104529","0.0550949875215","0.116952877345","0.0420882248589","0.0422805392648","0.122724974335","0.140600894384","0.0709243734625","0.0429767523087","0.102057764545","0.0770914546817","0.0592251042658","0.0558491191877","0.109398571192","0.0891629334861","0.0686846345127","0.0756401660235","0.11161563688","0.117448680246","0.0258963079177","0.114631060226","0.0546591198375","0.0876914519839","0.111279837318","0.136672183061","0.102690178044","0.0675319995643","0.0868530182899","0.0689752164016","0.082951731889","0.0739568320545","0.099521847796","0.177433952627","0.0157502621324","0.0539897465058","0.0585489049392","0.0640911951067","0.0583780559115","0.110253539408","0.104357733902","0.0400972355767","0.101250280019","0.0705197772155","0.115126841046","0.0819744076453","0.0375804643022","0.0264401675199","0.100112312916","0.0672101448719","0.107263723871","0.108773059035","0.091423059937","0.040004249248","0.086534457188","0.131363170324","0.0698332271527","0.128184019113","0.0268971392851","0.044497457333","0.0553745284797","0.0599615569301","0.0843142343427","0.117948314689","0.0694809347434","0.0326345107821","0.0675443220996","0.0563060696156","0.0278712986863","0.0158211801794","0.0292246409554","0","0.0657849927247","0.0494277237482","0.0562406990726","0.101755126549","0.0462403040957","0.0593901096135","0.0544692402498","0","0.0950739984021","0.137201810137","0.0446403436824","0.0409150405501","0.0044055308812","0.0463896585123","0.0150780617065","0.0137082190955","0","0.0120828356999","0.0150983348567","0.0376431830457","0.0292470968358","0.0223316810095","0.116262952571","0.0308121279932","0","0.0863052976398","0.0305175237618","0.0147540077143","0.062220413708","0.025737744793","0.0620558627298","0.0155659931826","0.0135364034934","0","0","0","0","0","0","0.139133763033","0.0316257225015","0.13219001862","0.0791299685551","0.0551398899061","0.0412684348654","0.073732896027","0.0115246218778","0","0.0298087738236","0.0300527098919","0.0053186448816","0.0186765683432","0.0725501888356","0.0331228593915","0.0391628228357","0.0160694605198","0.167892814855","0.0516675264048","0.0141632059788","0.0458371065358","0.0997352477245","0.0598139469904","0.0559568674273","0.0792503642078","0.0598654762378","0.0610146666879","0.0137487833251","0.0445760668144","0.102033101601","0.0258500360368","0.015820173728","0.0154995444596","0","0.0260102962712","0.0781086071361","0.0520699828918","0.029734806201","0.0435295384426","0.0123870712609","0.0373991444066","0.0492440853852","0.0745066836852","0.0443449775911","0.0447598204956","0.0911377220816","0.034692954141","0.0277434345166","0","0.0409720628724","0.00942616589608","0.0437031553714","0.0469326474535","0.0721472498401","0.0358772054006","0.0162772449009","0.0131403867467","0.0296503182951","0.0549296515068","0.0607352040357","0.0252338856731","0.0137502734866","0.0400927153606","0.0144788446727","0.012043019399","0.0423816010981","0.0710180735799","0.0523462976301","0.0250694209252","0.0592287055913","0.0127930884667","0.0163729953856","0.0314662784429","0.0558646344332","0.010506002601","0.0306649132085","0.0399007560004","0.0295009870408","0.0305383187784","0.0122268440586","0.027878532228","0.0220365152346","0.0298926887144","0.0608542603532","0.0424155525021","0.0442261474843","0","0.0238472390708","0.0277058922583","0.02844878233","0.0304226060619","0.0217655588501","0.0408666175349","0.0180392358578","0.0709257918735","0.0527240802583","0.00741228341347","-"
"2016-10-07","Apple","0.0445773657499","0.0548777927392","0.0947163226062","0.0737033985177","0.115007597668","0.062641389786","0.0562098961429","0.0424059337319","0.0367855213625","0.0324989618456","0.0507065558139","0.172568180809","0.0662974410667","0.1002604748","0.0702892801839","0.0808165499465","0.134920209066","0.066048644057","0.140139397047","0.0294776893904","0.0170075904028","0.0634195854164","0.0711678452651","0.0337769859608","0.0563896989098","0.0773249941654","0.0568108017008","0.0492497396699","0.039317800141","0.0814992131596","0.0559880743219","0.0515187988467","0.127975374479","0.118061939065","0.0727057472122","0.0217302266008","0.103140756926","0.112943626274","0.0633081321202","0.069086955637","0.109885790618","0.0381885184696","0.0345182697935","0.0301844416302","0.0701906967957","0.139804312326","0.105915924918","0.0603016178448","0.0484724679666","0.0743099995809","0.110307533381","0.10542875907","0.0943837483848","0.0782035068493","0.0931784278629","0.100051093613","0.0801544422936","0.0352795050986","0.0693716205693","0.137870719318","0","0.0435269490079","0.0562168650208","0.101426388616","0.114929428019","0.0976267660451","0.0601763339537","0.0238975264348","0.072264693132","0.0775019335543","0.156129509696","0.0264381622675","0.0354471916888","0.0400543156843","0.0535383970166","0.0609760343286","0.05516850137","0.0679814655034","0.0438376585039","0.0227386935254","0.0683333897881","0.111345044085","0.0672198414918","0.09800725672","0.070937880996","0.039317010058","0.02919166216","0.0684278350417","0.159787773826","0.0778557361467","0.0637479136513","0.0547402236373","0.0691584899814","0.104822812455","0.0207099351735","0.00928096286693","0.0113021979766","0.011035853599","0.0365769016008","0.0608642295548","0.0512194064685","0.0608160039397","0","0.0534318417642","0.0339655241366","0.01589389402","0.137178117661","0.0640488706494","0.0302036273963","0.0110252615809","0.00617376410774","0.0540195150949","0.0260104337978","0.0021894400857","0.0147190185422","0","0.0267156694791","0.0394390092963","0.0373277862571","0.0257314881425","0.0621103846414","0.03154680498","0.00853054046386","0.0666513838665","0.0177318734822","0.0491412484111","0.0648232790331","0.0212744355708","0.0661687685053","0","0.0126179879425","0.0273090177078","0.00924876854733","0","0.0269984274875","0","0.00502504814503","0.0428504096571","0.019216464044","0.0743179142633","0.0100029134461","0.0102279883935","0.0542840251425","0.0652268224785","0.0282068648059","0","0.00411330133229","-0.000510447564093","0","0.0112744710723","0.0416456076511","0.0207782043635","0.0268084132498","0.0159385544392","0.0781231602381","0.0472621195216","0.0369478555289","0.0505283418055","0.0710461911182","0.0249513522626","0.0252453780946","0.0208448364346","0.061502847455","0.0558648500556","0.0239560376648","0.0501730636845","0.0326497885414","0.0139060745517","0.0223393616293","0","0","0.0318285752363","0.102302341435","0.0664771138951","0.047032285801","0.0193325312438","0.0438945174616","0.0185181693572","0.0502960131971","0.0687005648863","0.0307495220184","0","0.0224352582215","0.0253082456378","0.0356001206047","0","0.0290518757558","0.0201263112968","0.0273296355123","0.0723156117537","0.0530082266121","0.0470085472748","0.0277459736822","0.000883306102238","0.0322173615396","0.0306325252311","0.050643183227","0.0310628284971","0","0.0037470487884","0.00988454407319","0.0330080651333","0.0269788734867","0.0238306906926","0.0280784985729","0.00909968744984","0.060528908782","0.0146310056516","0.0479276514315","0.00175088194482","0.0236985516411","0.014670175418","0.0271089099325","0.00305671445011","0.0233037291939","0.0371928993305","0.0436479883922","0.02673262093","0.0428063087517","0.0129742897389","0.0429917763386","0.0207629524297","0.0727619678785","0.0496019356482","0.0422368283045","0.00725710111127","0.0515225066822","0.0298402256499","0.00984690978909","0.0560057853743","0.0107275009609","0.0373716819222","0.0255573187702","0.0279039340881","-"
"2016-10-08","Apple","0.020260209071","0.0554366444059","0.0630915753514","0.0624030613471","0.0432377762496","0.0592895867655","0.0300379576891","0.0307423325166","0.0167044385597","0.038387034166","0.0305614134078","0.0403714428647","0.0578666712431","0.058641303714","0.0442057053065","0.0373662754875","0.123446816414","0.0157069810058","0.111968312106","0.0229282702861","0.00821636359803","0.0469564967482","0.0614586856693","0.0485930845152","0.037902734236","0.0618388127452","0.00969336240207","0.0179376712902","0.0208196742736","0.0759007164931","0.0500844336522","0.0271131160684","0.110315835232","0.138554927145","0.0296148983396","0.0224368446374","0.0439893811739","0.0989101916128","0.0468849106934","0.0504424169233","0.0783659462182","0.0426749487803","0.033521337748","0.0523969891693","0.0333631294452","0.081409478053","0.0812122415565","0.0447588057571","0.0356512888465","0.0436540471708","0.0281055036582","0.0921168168259","0.0774436898361","0.0505453756653","0.0436180094005","0.0612589714707","0.0507150722784","0.0287704248577","0.0603313334511","0.117882145984","0","0.0584136732755","0.0461389383076","0.0816996591859","0.0477154777661","0.0909334736677","0.0281896046862","0.0459977274061","0.0372829153954","0.0434190668619","0.0825216984377","0.0288295674373","0.0264383147141","0.0344027403912","0.0211211037138","0.0184510730762","0.0315410027295","0.0429579629597","0.0341110561357","0.00595011629424","0.0520424615992","0.0557313186207","0.0543687901882","0.0325275775053","0.073174837215","0.0117212254347","0.0223263948002","0.044174150977","0.0598650409665","0.0565723114858","0.043124597168","0.0324161292884","0.0362596955767","0.0487694682711","0.014396530038","0.0147607726707","0.0148515624372","0.00699352037202","0.0292666526401","0.0260320862716","0","0.0360560013285","0.0150537291466","0.0202594695935","0.0252497655971","0.0322406489028","0.0708359958897","0.0468535833189","0.0236207415653","0.0118354698304","0.00938559862127","0.052524979519","0.00600766319746","0.00824115433867","0","0","0","0.0398356737282","0.0086082660978","0.0200162005509","0.0265526353081","0","0.0314072388924","0.0313925127079","0.00729226075434","0.00637157316874","0.0249837925487","0.0166350744612","0.0228435950145","0.00686903764642","0.0110431942184","0.00696390127959","0","0.00221889716063","0","0","0.00725404929477","0.0295394508462","0.0204641856567","0.0501166684677","0.018038380656","0.00693584539741","0.0279889914647","0.0160139807101","0.00861438301094","0","0.0174326994855","0.010208870667","0","0.00479377974267","0.0276780966406","0.0205903624941","0.00891986400473","0.00213242318448","0.0220215916254","0.0202813636597","0.0241231176483","0.0205370106048","0.0265011056834","0.0118151131466","0.022169591053","0.00819528090967","0.0482063698463","0.0151030114068","0.0129595994224","0","0.0265397329998","0","0","0","0.018958835731","0.00432492959108","0.0192063554589","0.0243385033953","0.0179480228612","0.0182346764292","0.0209875637756","0.0322189585374","0.0143329411012","0.0434614051862","0.00115653252539","0.00277223161712","0.0108912191194","0.0406337689465","0.0242186222942","0.0189827394449","0.0296632604229","0","0.0211674447112","0.038853826126","0.0412364097158","0.0142652837546","0.00530750570785","0.0176933243006","0.0337022841232","0.00701725162262","0.0518224798093","0.0177237410279","0.0201894452252","0.0115182908504","0","0.0107686557214","0.0299747886549","0.0055781766881","0","0.0204594605679","0.0332925448919","0.0150304668909","0.0271945050833","-0.00217859544946","0","0.00398121176678","0.0216254503175","0.0140948360526","-0.00213377210571","0.022804742468","0.00549999247397","0.0130094413048","0.0101354868666","0","0.0209933850459","0.00666447627772","0.0108204587892","0.0184495569186","0.0377192572744","0.00417253159272","0.0430844910211","0.0430212100099","0.025250234563","0","0.0106410927217","0.0344084041129","0.0324843615553","0.0193200023551","-"
"2016-10-09","Apple","0.00161379035966","0.00251231832395","0.0235265603028","0.0219032138543","0.00890681720448","0.00445435752689","0.000145384428686","0.00940428429319","0.000514731092491","0.000582738577128","0.00820115794948","0.0127234671071","0.0273324679418","0.0179209229815","0.00723225542959","0.00633513436346","0.0201643095117","-0.0010653685227","0.0359685457893","0.0134138225471","-0.00296621249211","0.00555556778117","0.00652305830178","0.0132971612069","0.0133675714324","0.00966196975528","0.00643754127494","0","0.00420940934101","0.0148150234279","0.0161972142245","-0.000397656177132","0.0226145467391","0.0370979891511","0.00690302516095","0.000301138843248","0.000934234067412","0.0225033612003","0.00453098909531","-0.00100705378944","0.0292656089929","0.000568673110187","0.0131233862336","0.0163061898267","0.00726185155182","0.0203283152899","0.013178855637","0.0041346445724","0.0110992857785","0.00408860498099","0.0105771171267","0.0150420881066","0.0177196930709","0.0246661521371","0.00334990738321","0.0187088631937","0.0129073301809","0.000490646849794","0.0187539873024","0.0432403384877","0","0.000315404093645","0.0150790839095","0.00433143096629","0.00226858710882","0.0271515234548","0.0108659722359","0.00446200367391","-0.00177203429689","0.00408541719266","0.0118764882153","0.0105575679137","0.00825383949705","0","0","0.0104433540557","0.00580067291266","0.02029865548","0.00916502181665","0","0.00375998424351","0.00968479132979","0.00904884482886","0.00875953272326","0.0202074959906","0","0.0115899326283","0.0103141163219","0.00983216419125","0.0124441045265","0.00880228520233","0.0141916308714","0.0251573225961","0.00372912517788","-0.000956660549409","0.00149555601737","0","0","0.00725357859964","0.000773352099519","0.0148751371495","0.00667420399772","0","0.0212234489017","0.0115631433547","0","0.00399697147908","0.00809226465176","0.00309226486335","0","0","0.00602685697673","0.00422235175139","0","0","0","0","0.000864828795159","0.0129820840599","-0.00262535383119","0.0120751453152","0","0","0.00949010149907","0.00590636078309","0.00615583880116","0.00867767334145","0","0.00499937058527","0.00530271004394","0","0","0","0","0.00573868690213","0","0","0.0112941221374","0.00673453188748","0.0153862297877","-0.00211409253434","0.00367929462199","0.0175644351423","0","0.00270725193069","0","0","0.00586292196313","0","0","0.00270757433376","0.00700377283935","0","0","-0.00443479976773","0.00277237825922","0.0034549363239","0.00123778586266","0.00079419673847","0","0","0.00790791280051","0.00330797556449","0.00393310891721","0.00104515265619","-8.57875213828e-05","-0.000401274139771","0.00164035377501","0","0","0.00391034388534","0.0160845370563","0","0.00511411246379","0","0","0","-1.15727673989e-05","0.00716449572762","0.00725357859964","0","0.0190198550727","0.01419659808","0.0029530357104","0.0106690811894","0.000364755815026","0","0","0.00256639762035","0.00116979160544","0","-0.000376426424626","0.00434773993937","0.00103169261714","0.0122636529101","0.0184109396633","0.00329561149698","0.00384758637872","0","-8.57875213828e-05","0.00377739925574","0","0","-0.000219710664261","-0.000645373235064","0.00641915658526","0.00235847639077","0","0.00725357859964","0","0.0088702975948","0.00234522376009","0.000561767900215","-1.15727673989e-05","0.00356229579937","-0.000971242112188","0.0139513323528","0","0.00421021505296","0","0.00182574374019","0.00422235175139","-0.000956660549409","0.00166543192214","0.00516503767225","0.0029530357104","0.0160442491974","0.00654170906455","0","0.00321565806884","0.000364755815026","0.00847702663958","0","0.00256639762035","+"
"2016-10-10","Apple","0.0454993708262","0.0898947063214","0.121184249164","0.126197007401","0.116870391993","0.0791848082955","0.0959272927286","0.0243169693011","0.0174718922224","0.0525561860437","0.0249509177613","0.176874556937","0.0807198890924","0.0917418081584","0.124311194051","0.0613076107742","0.107325722878","0.0593138328411","0.165939829336","0.0526052440865","0.0486952490618","0.0800331839325","0.105419757804","0.062350872522","0.0242982730808","0.094974586039","0.0678272788953","0.03667376977","0.0888000068435","0.127872659468","0.0685297082105","0.0258714204095","0.162946896394","0.252375252489","0.104699806646","0.0850115462055","0.0763463696976","0.126602328033","0.0501504523863","0.0733663645303","0.167705058094","0.0822224176887","0.0315868140554","0.0627733336739","0.0982144328989","0.124474820919","0.129020222081","0.100269593251","0.0805073876386","0.0674450504336","0.0997573265351","0.0844183079045","0.116791442911","0.0642522578813","0.143270324384","0.076768439468","0.119845853864","0.0892474450054","0.143666578841","0.161769022111","0","0.133261279258","0.0853134341464","0.0601171487676","0.0632875931886","0.112180398768","0.0844899498322","0.0855330847029","0.101979062682","0.101947163883","0.167456562502","0.0904676048457","0.0415743073282","0.0461577286521","0.0944196377737","0.0772826314675","0.0544983164211","0.0774103165218","0.0680962162543","0.0248984567034","0.101610715579","0.0770368006169","0.056621041564","0.0889296282533","0.129591574325","0.0487334700885","0.0288941405097","0.0508633893716","0.0414521736268","0.0982237663549","0.0821827557889","0.0443630238997","0.0918294989223","0.181543902839","0.0115128274334","0.0346649788377","0.0360591314318","0.0391357289703","0.0441869594482","0.0626092261721","0.0413827047123","0.0998673932122","0.0590686907266","0.0522364729541","0.0506590636819","0.05571500227","0.0884726865279","0.16154770841","0.0664408851136","0.0613549645476","0.0277405711673","0.0646463974638","0.0560067789292","0.0258307666232","0.0070638673993","0.0269708981539","0.040181742851","0.0270527072368","0.0131837677909","0.028260264317","0.0754930625685","0.049120048557","0.0306207426688","0.111552993211","0.0290144689207","0.0276851200282","0.063866620857","0.0720518293585","0.0775830346641","0.0677475191331","0.0198662537496","0.0164385087177","0","0.0217477328476","0.0126642733836","0.00562820137081","0.0242651124335","0.104128383427","0.0488319078129","0.107483859477","0.0561509750529","0.0432778680288","0.0360638037319","0.0252262768661","0.0431811810683","0.0410126606998","0.0239976144735","0.0357834661869","0.00821280329204","0.0402476586846","0.0721698171837","0.0472309108155","-0.00399369862029","0.0285148513495","0.0725433857076","0.0265316564464","0.061493514712","0.0555667542263","0.0251933625808","0.0363168492372","0.0301449685612","0.0254920549659","0.0393499613566","0.0391251422121","0.0119071617625","0.0283722801213","0.0917194723096","0","0.00973006501322","0.0129836718403","0.037069139313","0.0743266005699","0.0574084407343","0.0735372297586","0.032125388591","0.0161210636642","0.0549817479603","0.0303568638094","0.0439586046266","0.0432170149999","0.0512410100819","0.045056242703","0.0416375762688","0.0450484020901","0.0422082476078","0.0157457932292","0.0562459925007","0.019583402302","0.0197005488814","0.0548686238126","0.0708863553608","0.0411314148569","0.0445457020489","0.0213378980639","0.0436689168773","0.065323093776","0.1012911461","0.0256854120097","0.0255194498369","0.0416066664885","0.0144670917551","0.0406239333703","0.0643083217035","0.0260596825267","0.0393206034028","0.0208238601211","0.0702428036624","0.0123007247458","0.0915076644439","0.0146965405954","0.0399923236035","0.0298200487631","0.0504177579968","0.0399174927841","0.0430047274129","0.0674970445101","0.0391201103561","0.0211284108153","0.0822241182502","0.0296512338642","0.0293268084133","0.0428581304147","0.0357086194635","0.0437913589348","0.0945725182678","-0.00108451537024","0.0719529953708","0.0408545517626","0.02453162758","0.0314359195356","0","0.0479588504556","0.0198915621161","0.0215952898973","-"
